user_id,item_id,rating
1,71,5
1,276,5
1,329,5
1,419,5
1,420,5
1,421,5
1,422,5
1,423,5
1,627,4
1,664,5
1,665,4
1,838,5
1,842,5
1,866,4
2,206,5
2,252,5
2,314,3
2,347,4
2,398,5
2,411,2
2,479,5
2,502,5
2,587,5
2,746,5
2,811,5
2,813,4
2,827,5
2,833,5
2,1011,5
3,49,5
3,115,5
3,207,4
3,215,4
3,216,4
3,281,5
3,324,5
3,590,5
3,740,5
4,479,5
4,550,5
5,10,5
5,30,4
5,52,5
5,61,4
5,94,4
5,95,5
5,104,4
5,118,4
5,176,4
5,245,2
5,248,3
5,256,5
5,276,4
5,280,5
5,302,4
5,326,5
5,418,4
5,421,5
5,423,5
5,425,5
5,453,4
5,482,4
5,487,3
5,515,5
5,518,5
5,519,5
5,549,5
5,614,5
5,782,4
5,941,4
5,950,4
5,954,4
5,988,4
6,25,5
6,30,4
6,59,4
6,61,4
6,62,4
6,71,5
6,85,4
6,88,3
6,89,3
6,103,4
6,104,4
6,148,4
6,199,4
6,204,4
6,273,3
6,280,5
6,285,4
6,321,4
6,323,3
6,416,4
6,459,4
6,562,5
6,576,5
6,653,4
6,661,4
6,753,4
6,790,3
6,843,4
6,949,4
6,984,4
6,996,3
6,1025,4
6,1026,4
6,1046,5
7,69,5
7,116,4
7,126,3
7,232,2
7,495,4
7,545,5
7,547,5
7,561,5
7,562,4
7,572,5
7,578,5
7,582,4
7,590,4
7,830,4
7,837,4
7,879,4
7,886,5
7,974,1
7,1038,4
8,5,4
8,25,4
8,48,3
8,60,4
8,65,4
8,81,4
8,83,3
8,92,5
8,97,4
8,101,4
8,104,4
8,115,4
8,137,4
8,149,4
8,156,5
8,159,4
8,163,5
8,174,4
8,204,3
8,246,4
8,251,4
8,260,4
8,272,5
8,274,4
8,284,4
8,292,4
8,301,4
8,325,4
8,330,4
8,376,4
8,382,4
8,403,4
8,479,5
8,488,4
8,493,5
8,497,5
8,502,4
8,507,4
8,514,4
8,516,5
8,525,5
8,532,4
8,539,4
8,593,4
8,604,4
8,605,4
8,619,4
8,639,4
8,643,4
8,665,4
8,676,4
8,739,4
8,767,3
8,770,4
8,782,4
8,810,5
8,838,5
8,841,4
8,849,4
8,851,4
8,896,4
8,909,4
8,930,5
8,958,4
8,965,5
8,991,4
8,1000,5
8,1002,4
8,1037,5
8,1038,4
8,1039,4
8,1044,4
9,71,5
9,80,4
9,151,4
9,733,5
9,794,4
9,803,4
9,838,4
9,842,4
9,946,4
9,1045,5
10,262,4
10,263,5
10,376,5
10,676,4
11,137,5
11,437,5
11,515,5
11,745,4
11,1037,4
12,43,4
12,86,3
12,463,3
12,465,4
12,1023,1
13,2,5
13,12,5
13,48,5
13,80,5
13,115,4
13,254,4
13,317,4
13,346,5
13,779,4
13,866,5
13,867,4
13,947,4
13,1017,5
13,1043,5
14,20,5
14,93,5
14,94,4
14,158,4
14,159,4
14,269,5
14,270,5
14,355,4
14,378,4
14,436,4
14,453,4
14,479,4
14,598,4
14,635,4
14,895,4
14,904,4
14,919,5
14,936,4
15,17,5
15,47,4
15,59,4
15,75,5
15,83,4
15,106,4
15,119,5
15,122,4
15,123,4
15,124,3
15,275,5
15,311,4
15,312,5
15,313,5
15,315,3
15,331,3
15,423,5
15,590,5
15,927,4
15,936,4
15,962,4
15,999,4
15,1001,4
16,4,4
16,5,4
16,66,5
16,68,5
16,113,4
16,169,5
16,221,4
16,224,4
16,259,4
16,260,5
16,269,3
16,270,5
16,302,5
16,313,5
16,336,4
16,339,5
16,340,4
16,343,5
16,351,4
16,354,1
16,358,3
16,361,4
16,381,5
16,382,4
16,397,5
16,398,4
16,429,3
16,431,4
16,433,2
16,434,2
16,435,5
16,436,5
16,438,3
16,443,4
16,445,3
16,447,4
16,449,5
16,452,4
16,458,5
16,465,5
16,476,4
16,479,4
16,481,4
16,483,3
16,489,5
16,490,3
16,497,4
16,508,4
16,509,4
16,530,4
16,542,4
16,579,4
16,622,5
16,623,5
16,677,4
16,680,4
16,686,4
16,687,4
16,693,4
16,697,4
16,701,4
16,702,4
16,706,4
16,711,4
16,712,4
16,725,5
16,729,4
16,743,4
16,885,5
16,891,3
16,892,3
16,893,3
16,897,4
16,898,5
16,900,4
16,901,4
16,906,4
16,907,4
16,908,4
16,922,4
16,925,4
16,938,4
16,971,5
16,972,5
16,985,2
16,991,5
17,31,5
17,229,4
17,654,2
17,664,5
17,665,4
17,945,4
17,956,5
17,982,5
18,66,4
18,82,5
18,104,4
18,110,4
18,175,4
18,881,4
18,935,3
19,6,4
19,10,4
19,75,5
19,117,4
19,140,5
19,151,5
19,192,4
19,245,2
19,252,5
19,255,4
19,275,5
19,334,4
19,463,4
19,520,4
19,522,4
19,532,4
19,601,4
19,626,5
19,681,5
19,786,4
19,798,3
19,950,4
19,951,4
20,17,2
20,23,4
20,30,5
20,42,4
20,46,4
20,47,4
20,51,5
20,56,5
20,58,3
20,69,5
20,71,5
20,80,5
20,86,5
20,87,4
20,91,5
20,97,4
20,102,3
20,104,3
20,116,5
20,118,5
20,122,5
20,126,5
20,127,4
20,132,4
20,145,4
20,148,4
20,162,4
20,165,3
20,166,3
20,167,4
20,172,3
20,191,3
20,198,4
20,200,5
20,201,4
20,232,4
20,238,4
20,243,4
20,244,3
20,246,2
20,248,5
20,251,4
20,252,3
20,258,4
20,267,4
20,289,3
20,296,4
20,306,3
20,309,5
20,311,4
20,313,5
20,314,5
20,319,5
20,327,4
20,340,5
20,343,4
20,347,4
20,391,5
20,394,4
20,399,4
20,404,3
20,410,3
20,430,4
20,433,4
20,444,4
20,445,4
20,456,5
20,463,3
20,465,3
20,466,3
20,467,3
20,472,4
20,477,4
20,481,3
20,482,5
20,487,3
20,490,3
20,495,3
20,496,5
20,503,5
20,505,3
20,516,5
20,534,4
20,536,4
20,542,5
20,544,3
20,548,5
20,550,3
20,561,5
20,568,5
20,572,4
20,573,4
20,575,3
20,576,5
20,578,3
20,590,4
20,597,4
20,628,4
20,629,5
20,635,4
20,640,4
20,654,5
20,664,4
20,681,5
20,682,5
20,693,5
20,696,5
20,707,5
20,730,5
20,731,4
20,732,5
20,742,4
20,748,3
20,759,4
20,769,3
20,777,5
20,778,3
20,779,4
20,781,4
20,787,4
20,791,4
20,792,4
20,801,5
20,819,4
20,821,4
20,830,4
20,847,4
20,851,4
20,866,5
20,869,5
20,881,4
20,882,4
20,886,3
20,888,4
20,891,4
20,892,3
20,898,5
20,899,4
20,910,4
20,913,4
20,922,4
20,946,4
20,947,5
20,952,3
20,955,4
20,959,4
20,960,4
20,961,4
20,962,5
20,966,5
20,971,5
20,987,5
20,989,5
20,991,4
20,992,5
20,993,3
20,1005,4
20,1015,5
20,1017,5
20,1020,4
20,1040,5
20,1041,4
20,1047,5
21,92,5
21,393,5
21,465,5
21,482,4
21,533,5
21,699,5
21,827,5
21,1015,5
21,1016,5
21,1017,5
21,1018,5
22,100,5
22,103,4
22,194,3
22,409,4
22,513,4
22,661,4
22,796,2
23,46,5
23,47,5
23,127,5
23,203,2
23,236,4
23,267,2
23,287,4
23,302,4
23,305,3
23,307,3
23,308,3
23,458,3
23,463,3
23,526,4
23,542,5
23,543,4
23,561,3
23,572,5
23,674,3
23,779,4
23,795,3
23,807,5
23,844,3
23,845,4
23,954,3
23,959,4
23,988,3
23,993,3
23,1003,1
23,1039,5
23,1041,4
24,59,5
24,60,5
24,590,5
24,938,5
25,71,5
25,158,4
25,235,4
25,516,4
26,16,4
26,18,4
26,30,4
26,122,4
26,238,4
26,240,4
26,314,3
26,324,4
26,450,3
26,503,4
26,545,3
26,615,4
26,845,3
26,971,4
26,987,2
26,1011,3
27,34,4
27,92,5
27,140,5
27,143,5
27,145,5
27,148,5
27,156,3
27,170,4
27,175,5
27,193,5
27,419,5
27,421,5
27,423,5
27,446,4
27,458,5
27,472,3
27,475,5
27,490,3
27,556,4
27,566,4
27,633,4
27,649,5
27,664,4
27,785,3
27,795,4
27,842,5
27,878,4
27,889,4
27,927,5
27,931,3
27,934,3
27,955,4
27,1040,4
27,1042,5
28,231,4
28,472,5
28,478,5
28,493,5
28,501,4
28,578,5
28,657,4
28,866,4
29,5,5
29,28,5
29,73,5
29,108,3
29,110,5
29,189,5
29,190,4
29,197,5
29,207,3
29,217,4
29,249,4
29,283,4
29,290,5
29,294,4
29,416,5
29,423,5
29,425,5
29,504,5
29,520,3
29,524,4
29,585,4
29,661,4
29,971,5
29,972,5
29,985,5
29,986,4
29,1011,3
30,4,4
30,214,5
30,715,5
30,730,5
30,788,5
31,235,3
31,679,3
32,80,5
32,136,5
32,203,3
32,222,4
32,395,5
32,567,4
32,590,3
32,658,4
32,673,5
32,700,4
32,712,5
32,828,5
32,834,5
32,862,4
32,878,5
32,905,5
32,1031,4
32,1034,4
33,53,5
33,125,3
33,167,3
33,233,5
33,260,5
33,439,4
33,545,5
33,624,5
33,644,5
33,648,5
33,649,5
33,779,5
33,789,4
33,962,5
33,985,4
34,5,4
34,122,5
34,132,4
34,298,4
34,605,4
34,626,5
34,679,4
34,684,4
34,764,4
34,781,3
34,859,5
34,902,4
34,1000,5
35,15,5
35,84,5
35,420,5
35,838,5
35,993,4
36,127,5
36,228,4
36,655,4
36,690,4
36,847,5
36,872,5
36,985,4
36,986,4
36,1023,3
37,11,4
37,71,5
37,140,5
37,143,5
37,159,3
37,184,5
37,263,5
37,332,4
37,376,5
37,382,5
37,441,5
37,457,5
37,470,5
37,592,4
37,673,5
37,782,4
37,936,5
37,1018,4
37,1021,5
37,1022,5
37,1037,5
37,1038,5
37,1041,5
38,54,2
38,119,4
38,122,5
38,129,4
38,130,4
38,201,3
38,277,4
38,286,3
38,296,5
38,376,5
38,542,5
38,693,3
38,917,5
38,937,3
39,30,4
39,103,4
39,105,4
39,119,3
39,210,3
39,218,4
39,219,4
39,313,4
39,406,4
39,413,5
39,414,4
39,459,4
39,473,4
39,576,4
39,579,3
39,639,4
39,700,4
39,706,3
39,709,4
39,728,4
39,731,4
39,814,3
39,815,4
39,832,4
39,833,4
39,888,5
39,924,4
39,952,3
39,954,4
39,1000,3
39,1014,4
39,1033,3
40,11,4
40,45,4
40,175,4
40,180,3
40,292,4
40,419,4
40,425,4
40,515,5
40,545,3
40,590,4
40,607,4
40,699,3
40,723,3
40,735,4
40,763,4
40,1040,4
41,15,5
41,67,4
41,119,5
41,173,5
41,244,4
41,259,4
41,361,4
41,387,4
41,393,5
41,402,3
41,457,4
41,482,4
41,506,5
41,550,3
41,553,4
41,562,5
41,566,3
41,569,3
41,577,5
41,581,3
41,594,4
41,674,5
41,691,3
41,717,4
41,748,4
41,788,4
41,858,4
41,864,4
41,870,4
41,879,5
41,929,4
41,1023,1
42,43,4
42,69,5
42,93,4
42,116,5
42,124,5
42,125,5
42,126,5
42,129,4
42,140,5
42,217,5
42,223,3
42,224,3
42,248,5
42,295,5
42,299,4
42,307,5
42,308,2
42,310,3
42,328,4
42,356,4
42,362,3
42,374,5
42,397,5
42,426,4
42,465,3
42,497,5
42,522,5
42,563,4
42,639,2
42,643,5
42,668,3
42,686,4
42,688,4
42,691,4
42,724,5
42,778,3
42,785,5
42,789,5
42,791,4
42,799,5
42,801,5
42,844,3
42,887,3
42,897,3
42,905,5
42,953,5
42,985,5
42,992,4
42,1029,4
43,6,3
43,29,4
43,36,4
43,38,4
43,46,4
43,127,3
43,137,4
43,144,5
43,147,5
43,206,5
43,256,4
43,459,4
43,518,5
43,526,5
43,673,4
43,737,4
43,764,4
43,839,4
43,915,5
43,916,4
43,998,4
43,1010,4
43,1040,4
44,165,5
44,166,5
44,167,5
44,168,5
44,177,5
44,255,5
44,313,5
44,336,5
44,339,5
44,340,5
44,343,5
44,346,5
44,349,5
44,351,5
44,354,5
44,355,5
44,358,5
44,361,5
44,363,5
44,365,5
44,367,5
44,374,5
44,381,5
44,386,5
44,426,5
44,441,5
44,446,5
44,557,5
44,603,5
44,617,5
44,618,5
44,620,5
44,621,5
44,622,5
44,623,5
44,627,5
44,628,5
44,631,5
44,632,5
44,634,5
44,635,5
44,636,5
44,640,5
44,641,5
44,819,5
44,821,5
44,830,5
44,831,5
44,856,5
44,857,5
44,858,5
44,864,5
44,867,5
44,868,5
44,884,4
44,902,5
44,909,5
44,924,5
44,928,5
44,929,5
44,930,5
44,936,5
44,962,5
44,974,5
44,979,5
44,1023,1
45,38,5
45,397,3
45,613,4
45,734,4
45,769,4
45,775,4
45,808,3
45,843,4
45,1025,4
46,46,4
46,52,4
46,59,4
46,143,4
46,148,5
46,334,2
46,459,5
46,468,5
46,473,5
46,485,5
46,511,5
46,522,5
46,736,4
46,806,5
46,839,5
46,896,5
46,912,5
46,1022,5
47,97,4
47,119,5
47,310,4
47,589,4
47,629,4
47,675,4
47,749,3
47,763,4
47,804,4
47,877,3
48,185,5
49,84,3
49,119,5
49,159,5
49,162,4
49,203,4
49,237,4
49,238,3
49,243,4
49,248,3
49,260,5
49,312,4
49,334,5
49,481,3
49,496,2
49,585,3
49,858,3
49,904,4
49,915,5
49,971,3
49,989,4
49,1020,5
49,1022,5
49,1041,4
50,15,5
50,65,4
50,71,5
50,86,5
50,87,3
50,205,3
50,233,3
50,298,5
50,318,3
50,379,3
50,416,3
50,456,3
50,475,5
50,476,5
50,494,4
50,544,4
50,547,4
50,561,5
50,578,4
50,601,5
50,615,3
50,672,5
50,738,3
50,794,3
50,838,5
50,941,3
50,963,5
50,965,5
50,991,5
50,997,3
51,11,5
51,115,5
51,122,5
51,249,5
51,280,4
51,291,4
51,295,4
51,960,5
51,965,5
51,972,4
52,142,5
52,158,4
53,672,3
54,18,5
54,21,5
54,25,5
54,35,5
54,42,5
54,51,5
54,57,4
54,63,5
54,65,5
54,71,5
54,78,2
54,91,5
54,159,4
54,178,5
54,181,5
54,199,4
54,229,4
54,248,2
54,257,5
54,272,5
54,297,5
54,313,3
54,319,4
54,320,4
54,321,5
54,326,4
54,459,5
54,468,5
54,473,5
54,482,4
54,485,5
54,526,5
54,539,5
54,549,5
54,673,4
54,737,5
54,762,2
54,886,5
54,939,5
54,950,5
54,952,4
54,955,4
54,958,4
54,960,4
54,1004,2
54,1024,5
55,81,4
55,92,4
55,148,5
55,158,5
55,272,5
55,312,5
55,453,4
55,737,5
55,763,5
55,765,5
55,884,5
55,941,4
55,992,4
55,1023,5
55,1046,5
56,278,3
57,6,4
57,62,5
57,89,5
57,114,3
57,132,5
57,204,3
57,237,5
57,248,5
57,249,5
57,303,5
57,313,5
57,315,4
57,317,5
57,318,3
57,328,4
57,360,4
57,474,5
57,542,5
57,544,5
57,586,4
57,590,5
57,616,3
57,784,3
57,842,5
57,966,5
57,1037,5
58,77,5
58,90,5
58,230,5
58,239,4
58,299,5
58,334,5
58,481,4
58,502,5
58,506,3
58,633,3
58,753,4
58,762,4
58,945,5
59,210,4
59,226,3
59,419,5
59,489,4
59,838,5
59,919,4
59,931,5
59,934,3
59,949,4
60,119,5
60,122,5
60,215,4
60,313,5
60,458,5
60,983,4
60,984,4
60,1046,4
61,15,5
61,111,3
61,144,5
61,172,3
61,191,2
61,297,4
61,302,5
61,321,3
61,363,3
61,472,5
61,476,4
61,478,4
61,489,5
61,493,4
61,495,3
61,503,4
61,514,5
61,566,5
61,585,4
61,697,5
61,700,5
61,701,5
61,702,5
61,706,5
61,709,5
61,712,5
61,715,4
61,727,4
61,808,3
61,819,4
61,845,5
61,865,5
61,868,4
61,915,5
61,928,4
61,946,4
61,979,3
61,988,4
61,991,3
61,1022,5
61,1038,5
61,1042,5
62,49,5
62,66,5
62,133,5
62,260,5
62,290,5
62,325,5
62,516,5
62,539,5
62,737,5
62,741,5
62,743,4
62,752,5
62,842,5
62,854,3
62,918,5
62,931,5
62,947,4
62,971,5
62,979,3
63,14,5
63,21,5
63,53,5
63,63,4
63,67,5
63,79,5
63,87,4
63,97,5
63,104,3
63,115,5
63,116,5
63,131,3
63,133,4
63,136,5
63,198,4
63,201,4
63,203,5
63,204,4
63,207,4
63,248,4
63,262,4
63,289,4
63,302,5
63,315,4
63,323,4
63,332,3
63,393,4
63,406,4
63,561,5
63,566,5
63,571,3
63,572,5
63,576,5
63,577,5
63,587,5
63,589,4
63,612,5
63,621,5
63,675,5
63,817,5
63,841,3
63,851,5
63,883,4
63,950,5
63,970,3
63,1002,4
63,1016,5
63,1025,5
64,51,5
64,105,5
64,389,4
64,582,5
64,607,5
64,761,5
64,762,5
64,827,3
64,1044,5
65,9,5
65,28,3
65,56,4
65,57,2
65,69,4
65,77,5
65,82,5
65,118,4
65,122,3
65,133,4
65,151,5
65,156,5
65,159,4
65,176,3
65,238,3
65,243,5
65,244,4
65,258,4
65,280,5
65,297,5
65,302,2
65,303,4
65,329,5
65,331,3
65,346,4
65,519,5
65,544,4
65,561,2
65,602,5
65,673,3
65,724,3
65,749,4
65,756,5
65,761,4
65,763,3
65,767,4
65,850,4
65,929,3
65,946,3
65,954,5
65,992,4
65,995,5
65,1023,2
65,1040,3
65,1042,3
66,44,5
66,146,5
66,191,5
66,222,4
66,255,5
66,368,4
66,437,5
66,448,5
66,457,4
66,507,5
66,566,3
66,681,5
66,683,5
66,690,4
66,695,4
66,709,5
66,712,5
66,750,4
66,777,5
66,971,5
66,1002,5
66,1027,5
66,1038,5
67,179,5
67,315,3
67,331,4
67,426,3
67,586,4
67,594,3
67,609,4
67,629,3
67,749,4
68,11,4
68,64,3
68,71,4
68,95,5
68,105,5
68,218,5
68,221,5
68,279,5
68,290,5
68,576,5
68,657,5
68,718,5
68,719,5
68,722,5
68,782,5
68,816,5
68,978,4
68,989,5
69,10,4
69,159,4
69,168,4
69,179,4
69,209,5
69,260,4
69,311,5
69,449,3
69,450,5
69,554,5
69,614,5
69,618,5
69,622,5
69,632,5
69,692,3
69,833,3
69,867,5
69,906,5
69,914,5
70,148,5
70,162,3
70,254,5
70,604,5
70,839,4
70,938,4
71,2,5
71,64,5
71,73,5
71,119,5
71,122,5
71,132,4
71,133,5
71,155,3
71,160,4
71,215,4
71,255,5
71,277,5
71,306,5
71,487,5
71,527,3
71,528,4
71,566,4
71,590,4
71,598,2
71,602,5
71,620,4
71,640,5
71,841,4
71,957,4
71,958,5
71,971,5
71,993,5
71,1000,4
71,1002,4
71,1003,5
71,1007,3
72,695,5
72,778,5
72,784,4
72,877,5
73,102,4
73,227,3
73,448,5
73,459,5
73,482,4
73,485,5
73,512,5
73,614,5
73,718,4
73,719,3
73,726,4
73,760,4
74,15,2
74,28,4
74,34,4
74,73,4
74,172,4
74,196,2
74,254,3
74,280,3
74,507,3
74,593,3
74,601,4
74,602,4
74,605,4
74,791,3
74,1000,4
75,80,5
75,92,5
75,119,5
75,125,4
75,140,5
75,146,5
75,151,5
75,183,5
75,191,5
75,194,5
75,244,5
75,313,5
75,453,5
75,459,5
75,468,5
75,485,5
75,521,5
75,536,4
75,561,5
75,582,5
75,632,5
75,743,5
75,748,5
75,878,5
75,947,5
76,7,4
76,8,5
76,52,3
76,334,4
76,360,5
76,462,3
76,526,5
76,544,5
76,576,5
76,590,4
76,629,3
76,736,5
76,851,5
76,946,4
76,950,5
76,970,5
76,973,4
76,1012,5
76,1023,3
76,1049,4
77,16,5
77,121,3
77,140,5
77,141,5
77,143,4
77,166,5
77,169,5
77,170,4
77,177,5
77,182,3
77,233,5
77,262,2
77,276,5
77,287,5
77,336,5
77,349,4
77,351,5
77,355,5
77,363,4
77,370,3
77,374,4
77,381,4
77,386,2
77,437,4
77,440,5
77,451,3
77,528,3
77,553,5
77,562,5
77,568,5
77,583,5
77,619,3
77,620,5
77,623,4
77,624,5
77,625,5
77,635,3
77,664,5
77,756,5
77,902,4
78,11,3
78,46,5
78,79,3
78,87,2
78,103,5
78,255,5
78,315,5
78,318,5
78,325,5
78,417,4
78,419,5
78,421,5
78,423,5
78,425,5
78,485,5
78,542,4
78,549,3
78,673,4
78,737,5
78,755,5
78,839,5
78,933,2
78,945,5
78,1017,5
78,1042,5
78,1044,4
79,140,4
79,143,5
79,209,5
79,408,3
79,457,5
79,481,5
79,483,5
79,568,4
79,776,4
79,804,4
79,831,5
79,885,5
80,297,4
80,742,4
81,29,5
81,38,5
81,52,5
81,151,5
81,156,5
81,159,5
81,255,5
81,304,3
81,334,4
81,439,5
81,524,5
81,534,5
81,539,5
81,630,5
81,675,4
81,742,5
81,773,5
81,1023,3
82,15,4
82,20,4
82,52,4
82,55,3
82,73,3
82,84,4
82,122,4
82,128,4
82,185,4
82,236,4
82,276,4
82,300,4
82,420,4
82,475,4
82,720,4
82,735,4
82,839,4
82,854,4
82,881,5
82,1015,3
82,1017,5
83,10,4
83,127,5
83,138,5
83,251,4
83,254,4
83,272,4
83,334,3
83,457,4
83,465,4
83,476,5
83,479,4
83,481,5
83,489,4
83,590,4
83,637,4
83,884,4
83,933,4
83,957,5
83,959,5
83,993,4
84,92,5
84,111,5
84,122,4
84,128,5
84,296,4
84,326,5
84,385,5
84,390,1
84,411,3
84,421,5
84,515,5
84,518,5
84,761,5
84,779,5
84,851,5
84,886,5
84,948,4
84,954,5
84,1008,5
84,1026,5
85,191,5
85,337,5
85,351,5
85,369,4
85,381,5
85,427,5
85,434,5
85,443,5
85,444,5
85,492,5
85,526,5
85,597,5
85,623,5
85,627,4
85,629,5
85,631,5
85,632,5
85,640,3
85,715,4
85,718,4
85,752,5
85,857,5
85,901,5
85,907,5
85,913,5
85,920,5
86,19,5
86,128,4
86,1012,5
86,1020,4
87,10,4
87,11,4
87,15,4
87,25,4
87,45,5
87,64,4
87,65,4
87,66,4
87,68,4
87,71,4
87,73,5
87,75,4
87,80,4
87,84,4
87,95,5
87,97,5
87,106,4
87,112,5
87,117,4
87,127,4
87,129,4
87,133,4
87,144,5
87,147,5
87,148,5
87,160,5
87,175,5
87,198,5
87,204,4
87,207,4
87,209,5
87,235,3
87,236,5
87,241,4
87,242,5
87,248,4
87,266,3
87,285,5
87,292,4
87,314,4
87,319,4
87,321,4
87,324,4
87,326,5
87,345,4
87,440,4
87,475,5
87,501,4
87,518,5
87,589,5
87,591,4
87,594,4
87,595,5
87,604,5
87,616,4
87,630,2
87,664,5
87,752,5
87,763,5
87,786,4
87,841,4
87,843,4
87,847,4
87,848,4
87,851,5
87,939,4
87,941,5
87,947,4
87,948,4
87,954,5
87,966,4
87,971,4
87,981,4
87,982,5
87,983,4
87,984,5
87,992,5
87,993,4
87,996,5
87,1000,4
87,1003,5
87,1005,4
87,1006,4
87,1012,5
87,1015,3
87,1019,3
87,1024,5
87,1027,5
87,1049,4
88,38,4
88,49,5
88,85,5
88,106,5
88,107,4
88,108,4
88,281,5
88,421,5
88,423,5
88,598,4
88,661,4
88,770,3
88,838,5
88,851,5
88,903,3
88,988,3
88,1000,4
88,1001,4
89,109,4
89,152,3
89,723,5
89,1026,4
90,25,5
90,152,5
90,173,5
90,261,5
90,334,5
90,460,4
90,522,4
90,578,3
90,640,5
90,762,4
90,912,5
91,59,5
91,69,4
91,117,5
91,144,5
91,161,5
91,277,4
91,542,4
91,893,4
91,957,3
91,970,4
91,1023,3
92,106,5
92,235,5
92,268,5
92,275,4
92,313,5
92,333,3
92,571,5
92,588,5
92,595,5
92,660,5
92,661,5
92,841,5
92,848,5
92,875,5
92,877,4
92,1027,5
93,154,5
93,161,4
93,773,3
94,7,4
94,8,4
94,12,4
94,13,4
94,16,5
94,19,4
94,55,5
94,75,4
94,82,5
94,84,3
94,122,4
94,148,5
94,229,5
94,230,5
94,231,4
94,235,5
94,241,4
94,289,4
94,316,3
94,317,5
94,321,4
94,329,4
94,595,4
94,615,4
94,664,4
94,670,3
94,756,3
94,854,4
94,938,4
94,939,4
94,944,4
94,955,4
94,957,4
94,959,5
94,971,3
94,1021,4
95,255,5
95,427,4
95,454,5
95,458,5
95,461,5
95,469,5
95,472,5
95,482,5
95,490,5
95,542,5
95,722,5
95,731,5
96,98,4
96,221,5
96,377,5
96,400,5
96,409,5
96,412,5
96,418,4
96,422,5
96,423,5
96,425,5
96,688,5
96,779,5
96,869,4
96,872,5
96,873,5
96,878,4
96,904,4
96,918,5
96,919,5
97,71,5
97,77,4
97,81,4
97,90,4
97,149,5
97,185,5
97,191,2
97,209,4
97,297,4
97,303,2
97,317,5
97,323,5
97,417,2
97,459,1
97,506,2
97,521,3
97,549,3
97,733,5
97,786,5
97,806,5
97,1000,4
97,1002,5
97,1003,5
97,1025,4
98,69,4
98,122,5
98,389,3
98,465,3
98,482,4
98,536,4
98,538,4
98,590,4
98,601,5
98,785,4
98,859,3
98,883,4
98,888,4
98,953,3
98,1000,3
98,1002,5
98,1006,4
99,80,5
99,118,3
99,260,5
99,430,4
99,433,4
99,434,4
99,448,5
99,474,4
99,554,3
99,607,4
99,610,4
99,738,5
99,785,4
99,857,3
99,924,4
99,962,3
99,1005,5
100,2,3
100,70,5
100,127,4
100,243,4
100,487,3
100,916,3
101,521,5
102,144,5
102,172,5
102,249,5
102,325,4
102,811,4
102,847,5
102,991,5
103,10,5
103,22,5
103,23,4
103,49,4
103,56,4
103,57,4
103,91,5
103,129,4
103,200,5
103,247,4
103,248,3
103,301,4
103,320,4
103,323,4
103,325,5
103,326,4
103,391,5
103,419,5
103,440,4
103,549,4
103,589,5
103,615,5
103,671,5
103,684,4
103,703,4
103,708,4
103,754,5
103,757,4
103,809,3
103,839,5
103,841,5
103,848,5
103,849,3
103,886,5
103,939,5
103,942,4
103,943,5
103,945,5
103,947,5
103,995,5
103,1004,5
104,106,4
104,207,3
104,276,4
104,496,4
104,508,3
104,642,4
104,985,3
105,12,4
105,13,4
105,18,3
105,148,5
105,206,3
105,754,3
105,1015,4
105,1039,5
105,1041,5
105,1043,4
106,44,5
106,46,4
106,47,5
106,72,5
106,77,5
106,239,4
106,250,5
106,252,5
106,276,5
106,297,5
106,425,4
106,453,3
106,515,5
106,526,5
106,665,5
106,754,5
106,988,3
106,996,5
106,1048,5
107,11,3
107,99,4
107,101,5
107,110,4
107,112,4
107,144,5
107,294,2
107,301,4
107,359,4
107,521,4
107,539,4
107,653,5
107,670,5
107,808,5
107,1000,5
108,118,3
108,141,4
108,388,4
108,408,4
108,486,4
108,499,3
108,610,3
108,773,4
108,910,4
108,1008,3
109,15,5
109,17,4
109,25,3
109,122,3
109,199,3
109,316,3
109,317,4
109,354,4
109,673,4
109,779,5
109,866,3
109,938,4
109,939,5
109,1012,5
110,257,5
110,269,5
110,270,5
110,327,5
110,419,5
110,421,5
110,423,5
110,425,5
110,514,5
110,683,5
110,692,5
110,715,5
110,768,5
110,777,5
110,779,5
110,823,5
110,838,5
111,26,3
111,64,4
111,122,5
111,203,4
111,204,5
111,277,4
111,290,4
111,292,5
111,293,5
111,319,5
111,376,5
111,393,5
111,397,5
111,398,5
111,416,5
111,418,4
111,468,5
111,482,5
111,485,5
111,498,4
111,501,5
111,578,4
111,607,4
111,608,4
111,612,5
111,615,4
111,626,5
111,672,5
111,883,4
111,905,4
111,911,4
111,958,5
111,961,4
111,987,4
111,1008,4
111,1011,5
111,1022,5
111,1040,5
111,1042,5
111,1046,4
112,48,5
112,63,4
112,91,4
112,127,5
112,128,5
112,237,4
112,249,4
112,252,5
112,334,5
112,425,5
112,549,5
112,665,5
112,807,3
112,905,4
112,912,5
112,948,4
112,962,5
112,963,5
112,988,4
112,989,5
113,20,4
113,66,5
113,121,4
113,168,4
113,183,3
113,187,4
113,190,4
113,292,5
113,293,5
113,295,5
113,347,4
113,352,4
113,356,4
113,361,4
113,362,4
113,365,5
113,367,4
113,369,5
113,370,4
113,378,4
113,383,4
113,384,4
113,394,4
113,408,4
113,413,4
113,424,5
113,429,4
113,430,4
113,432,4
113,434,4
113,452,4
113,461,4
113,464,4
113,466,4
113,483,4
113,497,4
113,531,4
113,547,4
113,562,4
113,573,4
113,574,4
113,578,4
113,583,4
113,585,4
113,588,4
113,619,4
113,627,4
113,634,5
113,635,4
113,640,4
113,736,4
113,751,4
113,776,4
113,784,3
113,785,3
113,788,4
113,789,4
113,792,4
113,793,4
113,799,3
113,815,4
113,819,4
113,830,5
113,831,4
113,837,5
113,848,3
113,858,4
113,859,4
113,864,4
113,889,4
113,902,4
113,909,4
113,916,4
113,924,4
113,927,4
113,928,4
113,936,4
113,953,4
113,971,5
113,972,4
113,980,4
114,373,4
114,419,4
114,422,5
115,10,5
115,855,4
116,84,4
116,105,5
116,115,5
116,122,5
116,145,5
116,148,5
116,191,5
116,207,5
116,227,3
116,276,4
116,314,5
116,317,5
116,420,4
116,579,5
116,695,4
116,839,5
116,947,5
116,971,5
116,997,3
116,1043,5
117,10,3
117,24,5
117,46,4
117,122,4
117,151,4
117,313,5
117,666,5
117,668,4
117,955,4
118,332,2
118,456,4
118,970,4
118,1023,4
119,153,5
119,313,5
119,517,5
120,15,5
120,157,4
120,249,4
120,327,4
120,359,4
120,419,5
120,540,4
120,544,4
120,707,3
120,756,4
120,770,4
120,905,3
120,959,3
120,1010,5
121,32,4
121,95,5
121,99,5
121,101,4
121,206,4
121,325,4
121,366,5
121,407,5
121,568,1
121,574,3
121,576,5
121,587,5
121,591,5
121,593,4
121,613,4
121,776,4
121,782,4
121,874,4
121,886,3
122,16,4
122,17,4
122,20,5
122,28,4
122,42,5
122,55,5
122,80,4
122,160,4
122,246,5
122,254,5
122,319,4
122,321,4
122,542,3
122,549,4
122,673,4
122,742,4
122,886,4
122,954,4
122,992,4
122,998,4
123,33,5
123,96,4
123,162,5
123,251,4
123,259,4
123,369,5
123,623,4
123,781,4
123,791,4
123,977,4
124,154,3
124,163,3
124,405,3
124,500,3
124,702,3
124,715,3
125,10,4
125,23,3
125,84,4
125,87,5
125,232,5
125,241,4
125,245,5
125,247,5
125,265,4
125,290,3
125,292,3
125,321,4
125,949,5
125,950,5
125,963,4
125,997,3
125,1047,5
126,11,3
126,26,4
126,45,4
126,84,4
126,281,4
126,290,4
126,313,4
126,323,4
126,325,4
126,549,4
126,601,5
126,663,2
126,673,5
126,763,4
126,881,4
126,954,3
126,964,3
126,991,3
126,1025,4
126,1027,4
127,10,5
127,19,5
127,42,4
127,68,4
127,69,5
127,140,4
127,143,4
127,144,4
127,152,4
127,169,3
127,170,2
127,265,5
127,302,5
127,312,5
127,423,5
127,601,5
127,664,5
127,671,5
127,733,5
127,779,5
128,946,3
129,158,4
129,369,4
129,433,5
129,456,4
129,461,4
129,482,4
129,527,4
129,1029,4
129,1034,3
130,8,5
130,9,3
130,24,4
130,33,3
130,50,4
130,52,4
130,80,4
130,84,4
130,134,4
130,194,4
130,196,5
130,200,4
130,230,4
130,246,4
130,301,5
130,309,5
130,313,4
130,324,5
130,390,3
130,400,4
130,417,4
130,555,4
130,613,4
130,673,4
130,674,4
130,729,4
130,732,5
130,743,4
130,745,4
130,754,4
130,757,4
130,854,4
130,940,4
130,950,4
130,1016,3
130,1023,2
130,1025,5
131,323,4
131,854,4
132,31,4
132,46,4
132,143,4
132,253,4
132,265,4
132,285,4
132,303,4
132,372,4
132,419,4
132,422,5
132,423,4
132,518,3
132,601,4
132,755,4
132,759,4
132,803,4
132,941,4
132,945,5
132,977,4
132,998,4
132,1023,3
132,1028,2
133,31,4
133,262,4
133,640,4
133,795,5
134,399,4
134,463,4
134,502,4
134,576,4
134,798,5
134,1015,5
134,1016,4
135,41,4
135,57,5
135,80,5
135,138,3
135,142,4
135,149,5
135,159,3
135,163,5
135,164,4
135,253,4
135,255,3
135,313,5
135,314,2
135,453,5
135,465,4
135,532,4
135,533,3
135,541,4
135,601,2
135,748,5
135,754,4
135,966,4
136,10,3
136,64,4
136,68,4
136,128,3
136,148,5
136,237,4
136,239,3
136,243,4
136,248,5
136,266,3
136,289,4
136,319,4
136,391,4
136,756,3
136,765,5
136,912,5
136,943,3
136,995,5
136,996,4
137,11,5
137,382,5
137,457,4
137,883,5
137,901,4
137,1023,3
137,1038,5
138,162,3
138,183,3
138,209,5
138,762,4
138,1028,3
139,313,5
139,850,5
140,1,5
140,5,4
140,7,5
140,10,5
140,12,5
140,18,5
140,23,4
140,26,4
140,30,4
140,35,4
140,36,5
140,51,5
140,56,4
140,57,4
140,64,4
140,70,5
140,73,5
140,75,5
140,80,4
140,81,4
140,82,5
140,84,5
140,87,5
140,91,5
140,115,5
140,117,3
140,119,5
140,122,5
140,126,4
140,127,4
140,138,3
140,156,5
140,157,5
140,158,4
140,159,5
140,162,3
140,163,3
140,175,5
140,180,4
140,181,4
140,182,3
140,183,3
140,189,4
140,200,5
140,231,4
140,244,3
140,245,5
140,246,5
140,248,4
140,267,3
140,282,3
140,286,4
140,289,3
140,291,5
140,294,3
140,299,2
140,300,4
140,301,5
140,303,5
140,306,5
140,312,5
140,316,4
140,329,4
140,334,5
140,357,4
140,361,4
140,364,4
140,389,2
140,395,3
140,425,5
140,475,5
140,477,4
140,496,3
140,502,4
140,503,5
140,510,5
140,512,5
140,515,5
140,516,5
140,518,5
140,519,5
140,520,4
140,526,5
140,528,5
140,541,5
140,553,4
140,562,4
140,568,2
140,576,4
140,583,4
140,588,3
140,589,5
140,601,5
140,615,5
140,624,4
140,625,4
140,639,4
140,643,4
140,660,4
140,664,5
140,671,5
140,679,4
140,684,5
140,737,4
140,748,4
140,753,4
140,754,4
140,762,2
140,770,4
140,775,3
140,780,4
140,790,3
140,794,5
140,800,3
140,802,4
140,803,5
140,804,3
140,807,3
140,818,3
140,819,3
140,841,5
140,848,4
140,854,4
140,855,5
140,875,4
140,884,4
140,903,5
140,923,5
140,927,2
140,930,4
140,942,4
140,943,4
140,944,5
140,948,5
140,951,4
140,964,5
140,974,5
140,983,2
140,989,4
140,990,4
140,992,3
140,1002,4
140,1007,5
140,1025,5
140,1044,5
141,15,4
141,26,4
141,31,5
141,128,4
141,129,5
141,140,4
141,169,5
141,252,5
141,276,4
141,457,4
141,465,4
141,515,5
141,595,5
141,601,5
141,635,4
141,639,5
141,667,5
141,868,4
141,886,5
141,971,4
142,518,1
142,738,5
142,741,5
143,3,5
143,50,4
143,83,5
143,85,5
143,87,4
143,88,5
143,103,5
143,106,4
143,107,5
143,116,4
143,120,5
143,122,5
143,124,5
143,125,5
143,217,5
143,233,5
143,295,5
143,313,5
143,330,5
143,331,5
143,332,5
143,333,5
143,409,5
143,412,4
143,413,5
143,415,5
143,418,5
143,508,5
143,520,5
143,547,5
143,548,4
143,579,4
143,580,4
143,661,5
143,718,5
143,722,5
143,726,5
143,729,5
143,730,5
143,731,5
143,732,5
143,805,5
143,832,5
143,833,5
143,834,4
143,835,4
143,837,4
143,843,5
143,863,5
143,962,5
143,976,4
143,978,5
143,991,5
143,1013,4
143,1031,5
143,1033,4
143,1034,4
143,1035,4
143,1036,4
144,136,4
144,292,4
144,988,4
145,7,5
145,8,4
145,10,5
145,44,5
145,69,4
145,76,5
145,135,4
145,144,4
145,234,4
145,240,4
145,248,4
145,262,5
145,263,5
145,276,5
145,277,5
145,288,5
145,308,4
145,319,4
145,340,5
145,382,4
145,387,4
145,458,5
145,526,5
145,532,4
145,536,4
145,544,5
145,565,4
145,638,4
145,666,4
145,667,4
145,674,4
145,844,4
145,866,4
145,879,4
145,1006,5
146,95,4
146,101,5
146,132,4
146,191,4
146,238,4
146,244,4
146,310,4
146,313,4
146,330,3
146,331,5
146,496,4
146,564,4
146,593,4
146,599,4
146,765,4
146,839,4
146,854,4
147,43,5
147,44,5
147,57,4
147,66,4
147,70,5
147,79,4
147,151,5
147,161,4
147,259,3
147,301,4
147,303,5
147,419,4
147,421,5
147,424,5
147,425,4
147,456,4
147,512,5
147,524,5
147,602,4
147,737,5
147,740,4
147,745,5
147,803,4
147,838,4
147,843,5
147,959,4
147,1003,4
148,211,3
148,221,3
148,270,4
148,389,4
148,425,3
148,497,4
148,668,3
148,683,5
148,737,4
148,963,4
149,52,5
149,92,4
149,287,3
149,329,5
149,334,4
149,419,5
149,421,5
149,423,5
149,425,5
149,451,2
149,458,5
149,521,5
149,838,5
149,839,5
149,842,5
149,1000,5
149,1002,5
150,9,5
150,23,4
150,52,4
150,119,4
150,133,5
150,140,4
150,156,5
150,197,4
150,328,5
150,372,4
150,398,4
150,411,3
150,463,4
150,538,5
150,542,4
150,561,4
150,564,4
150,571,4
150,573,4
150,613,4
150,631,4
150,660,5
150,665,4
150,690,4
150,762,5
150,764,5
150,864,4
150,866,5
150,914,4
150,950,4
150,954,5
150,973,4
151,29,4
151,112,4
151,139,3
151,156,4
151,162,4
151,182,3
151,264,2
151,272,4
151,314,4
151,340,4
151,373,2
151,386,5
151,392,4
151,419,4
151,421,4
151,425,5
151,457,5
151,458,5
151,463,4
151,465,4
151,476,5
151,479,5
151,481,5
151,493,4
151,526,2
151,532,4
151,536,5
151,568,5
151,569,2
151,619,3
151,632,4
151,633,5
151,676,4
151,685,4
151,708,3
151,714,3
151,721,3
151,800,3
151,851,4
151,884,4
151,889,4
151,924,3
151,928,3
151,937,5
151,980,5
151,1032,3
152,419,5
152,421,5
152,423,5
152,465,4
152,566,4
152,572,4
152,839,5
153,14,3
153,61,3
153,65,4
153,84,3
153,130,3
153,138,4
153,162,4
153,241,4
153,302,5
153,439,3
153,457,3
153,462,3
153,525,4
153,528,3
153,578,5
153,929,3
153,942,4
153,950,4
153,954,5
153,1011,5
154,30,3
154,95,3
154,115,5
154,154,3
154,159,3
154,203,4
154,351,4
154,354,3
154,361,4
154,363,4
154,389,3
154,457,4
154,458,4
154,465,4
154,481,4
154,506,4
154,517,3
154,542,4
154,597,4
154,618,4
154,630,4
154,631,3
154,634,4
154,637,3
154,773,4
154,818,4
154,824,3
154,839,5
154,854,5
154,1030,5
155,19,5
155,73,4
155,249,3
155,324,4
155,549,5
155,753,4
155,779,5
155,854,3
155,1040,3
156,20,3
156,117,4
156,122,5
156,156,5
156,174,4
156,175,3
156,195,4
156,252,4
156,301,3
156,302,5
156,342,4
156,345,5
156,420,4
156,424,3
156,425,2
156,465,3
156,466,1
156,515,4
156,570,1
156,603,4
156,617,5
156,618,4
156,627,3
156,631,3
156,667,1
156,738,3
156,753,5
156,803,2
156,804,4
156,905,3
156,912,5
156,917,4
156,928,3
156,956,4
156,993,3
156,998,5
156,1009,5
156,1022,3
156,1037,3
156,1039,4
156,1041,4
156,1043,4
157,12,4
157,17,5
157,23,4
157,36,4
157,64,4
157,68,4
157,84,4
157,90,5
157,115,5
157,119,4
157,122,4
157,134,4
157,156,4
157,163,2
157,229,3
157,231,4
157,237,4
157,286,5
157,292,3
157,294,2
157,302,5
157,306,4
157,313,3
157,323,4
157,325,3
157,395,3
157,457,4
157,463,3
157,465,3
157,479,3
157,481,3
157,497,3
157,507,3
157,526,5
157,549,3
157,566,1
157,590,2
157,604,3
157,658,3
157,670,4
157,743,4
157,752,5
157,854,3
157,871,2
157,890,4
157,942,4
157,943,4
157,955,5
157,971,5
157,972,4
157,981,3
157,990,4
157,991,4
158,35,4
158,65,5
158,71,4
158,117,4
158,122,4
158,136,4
158,205,4
158,234,4
158,302,5
158,311,4
158,382,4
158,476,4
158,502,3
158,506,5
158,626,5
158,673,5
158,782,4
158,843,4
158,958,5
158,967,2
158,971,4
158,1030,4
159,542,4
160,97,5
160,99,5
160,101,5
160,104,5
160,105,5
160,109,5
160,441,5
160,508,4
160,563,5
160,579,5
160,702,4
160,728,5
160,808,5
161,23,5
161,86,5
161,302,5
161,604,4
161,605,4
161,607,4
161,610,4
161,612,4
161,613,5
161,684,4
161,751,5
161,761,4
161,763,4
161,767,4
161,807,4
161,942,5
161,955,4
162,162,5
162,187,5
162,251,5
162,378,5
162,457,5
162,481,5
162,568,5
162,793,5
162,874,5
162,912,5
163,15,5
163,23,5
163,87,4
163,437,5
163,517,4
163,534,5
163,539,5
163,542,5
163,620,4
163,640,5
163,641,3
163,779,5
163,854,3
163,881,5
163,910,4
163,912,5
163,933,5
163,958,4
163,1007,4
163,1022,4
164,19,5
164,143,3
164,281,4
164,501,5
164,593,5
164,607,5
164,610,5
164,770,5
164,898,5
164,1021,5
164,1025,5
164,1032,5
164,1048,5
165,522,5
165,724,4
166,7,5
166,8,5
166,10,5
166,15,4
166,21,4
166,23,4
166,55,4
166,63,5
166,65,5
166,80,5
166,85,5
166,91,5
166,111,5
166,113,4
166,119,5
166,126,5
166,134,5
166,156,5
166,167,5
166,267,5
166,302,5
166,311,5
166,323,5
166,329,5
166,396,4
166,419,5
166,423,5
166,496,5
166,552,5
166,553,5
166,576,5
166,587,5
166,601,4
166,742,5
166,813,3
166,819,5
166,859,5
166,910,4
166,955,5
166,959,5
166,982,5
166,991,5
166,1002,5
166,1006,5
166,1025,5
166,1026,5
166,1027,5
167,11,5
167,23,5
167,50,5
167,51,5
167,58,5
167,100,5
167,114,5
167,118,5
167,151,5
167,158,5
167,166,4
167,233,5
167,237,5
167,275,5
167,420,4
167,480,4
167,495,4
167,597,4
167,618,4
167,624,5
167,641,4
167,662,5
167,673,3
167,733,4
167,780,4
167,803,5
167,806,5
167,810,5
167,830,4
167,910,5
167,915,4
167,929,4
167,949,4
167,955,4
167,964,4
167,965,5
167,1016,4
167,1018,4
168,170,3
168,334,5
168,352,4
168,453,5
168,668,3
168,819,3
169,17,5
169,40,5
169,70,5
169,91,5
169,122,5
169,140,5
169,233,5
169,235,5
169,246,5
169,315,5
169,399,4
169,455,5
169,456,5
169,458,5
169,462,5
169,480,5
169,493,5
169,506,5
169,507,4
169,548,5
169,555,5
169,582,5
169,584,5
169,630,5
169,659,5
169,694,5
169,700,5
169,704,5
169,709,5
169,713,4
169,725,5
169,746,5
169,750,5
169,760,5
169,768,5
169,771,5
169,774,5
169,778,5
169,819,5
169,854,5
169,904,5
169,939,5
169,958,5
169,960,5
169,961,5
169,975,5
169,977,5
169,991,5
169,994,4
169,1041,5
170,12,5
170,122,4
170,206,5
170,283,4
170,492,4
170,604,4
170,767,4
170,884,4
170,950,3
170,958,3
170,1042,5
171,11,5
171,25,4
171,44,5
171,53,4
171,291,4
171,292,5
171,952,3
171,1000,4
172,2,3
172,12,5
172,17,4
172,18,5
172,27,5
172,55,3
172,58,2
172,59,4
172,60,4
172,61,4
172,62,4
172,122,5
172,133,5
172,136,4
172,200,5
172,201,4
172,204,5
172,267,5
172,306,5
172,318,4
172,319,5
172,548,4
172,572,5
172,590,4
172,742,5
172,773,5
172,776,4
172,784,5
172,788,5
172,827,3
172,949,4
172,950,5
172,956,2
172,971,4
172,1011,3
172,1025,4
172,1027,4
173,564,4
173,571,4
173,660,4
173,992,3
173,1038,3
174,43,3
174,96,3
174,98,3
174,100,3
174,105,3
174,109,3
174,122,3
174,124,3
174,125,4
174,126,3
174,140,3
174,142,3
174,143,3
174,152,3
174,170,3
174,210,5
174,211,5
174,212,5
174,213,5
174,214,5
174,218,5
174,219,5
174,220,5
174,221,5
174,222,5
174,223,5
174,224,5
174,225,5
174,226,5
174,298,5
174,299,5
174,305,4
174,307,4
174,308,3
174,310,5
174,311,3
174,314,5
174,318,3
174,377,3
174,400,3
174,406,3
174,409,3
174,412,3
174,413,5
174,414,3
174,415,3
174,419,3
174,427,3
174,428,5
174,429,3
174,430,3
174,431,3
174,433,5
174,434,5
174,435,3
174,436,3
174,438,3
174,442,5
174,443,5
174,444,3
174,445,3
174,447,5
174,452,3
174,454,3
174,458,5
174,466,5
174,496,3
174,510,3
174,546,1
174,579,3
174,668,5
174,686,5
174,687,5
174,688,5
174,689,5
174,692,5
174,705,5
174,706,5
174,711,5
174,712,5
174,715,5
174,718,5
174,719,3
174,722,5
174,729,3
174,730,3
174,731,3
174,747,5
174,760,5
174,768,5
174,774,5
174,778,5
174,838,3
174,865,3
174,872,3
174,873,3
174,878,3
174,887,3
174,891,3
174,892,3
174,893,3
174,894,3
174,897,3
174,898,3
174,899,3
174,900,3
174,901,3
174,905,3
174,906,3
174,907,3
174,908,3
174,920,3
174,921,3
174,922,3
174,932,3
174,938,3
175,324,5
175,379,3
175,402,3
175,457,5
175,526,5
175,632,4
175,634,4
175,654,4
175,688,3
175,753,5
175,901,5
176,10,4
176,12,4
176,19,5
176,36,4
176,43,5
176,63,5
176,67,5
176,160,3
176,229,5
176,244,4
176,277,4
176,290,4
176,293,4
176,298,3
176,313,4
176,325,4
176,457,5
176,481,4
176,549,5
176,816,4
176,849,4
176,854,4
177,42,4
177,75,4
177,83,3
177,88,3
177,107,1
177,199,4
177,235,3
177,276,4
177,285,5
177,320,3
177,321,5
177,439,4
177,481,2
177,511,5
177,533,3
177,552,4
177,595,5
177,626,4
177,660,4
177,673,4
177,732,4
177,816,3
177,939,4
177,982,4
177,988,4
177,1023,1
177,1025,4
177,1026,4
177,1027,4
178,12,4
178,13,4
178,24,4
178,25,3
178,30,4
178,70,3
178,77,5
178,80,4
178,81,4
178,102,4
178,118,4
178,122,4
178,195,4
178,200,3
178,209,5
178,235,4
178,243,5
178,246,4
178,286,4
178,310,4
178,313,5
178,321,4
178,323,4
178,526,5
178,591,4
178,662,4
178,671,4
178,674,3
178,675,4
178,797,4
178,851,4
178,854,4
178,866,4
178,917,4
178,948,4
178,955,5
178,966,3
178,995,5
178,1011,4
178,1025,5
179,203,3
179,227,3
179,294,4
179,303,4
180,223,5
180,433,4
180,434,5
180,435,5
180,686,4
180,688,4
180,727,4
180,777,5
181,120,3
181,143,4
181,151,4
181,170,3
181,193,3
181,208,4
181,290,4
181,357,5
181,404,4
181,542,3
181,567,4
181,573,3
181,574,4
181,587,4
181,619,4
181,817,4
181,928,4
181,971,5
181,1031,5
181,1035,5
181,1036,4
182,92,4
182,314,3
183,23,4
183,69,4
183,84,3
183,239,4
183,290,3
183,321,4
183,506,2
183,511,4
183,518,4
183,733,5
183,734,5
183,955,5
183,963,5
183,991,2
183,1024,5
184,80,5
184,103,5
184,131,5
184,234,5
184,236,5
184,244,5
184,267,5
184,391,5
184,553,4
184,554,4
184,582,4
184,589,5
184,591,5
184,601,5
184,696,5
184,792,4
184,813,4
184,828,4
184,865,5
184,923,5
184,955,4
184,966,3
184,969,5
184,991,5
184,1000,5
184,1030,5
184,1041,4
185,45,3
185,159,3
185,210,3
185,211,3
185,212,3
185,213,3
185,214,3
185,218,3
185,219,3
185,220,3
185,221,3
185,222,3
185,223,3
185,224,3
185,279,3
185,375,3
185,377,3
185,400,3
185,406,3
185,409,3
185,413,3
185,414,3
185,415,3
185,459,3
185,512,3
185,526,3
185,537,3
185,561,3
185,572,3
185,578,3
185,665,3
185,668,3
185,677,3
185,680,3
185,681,3
185,687,3
185,688,3
185,692,3
185,693,3
185,694,3
185,695,3
185,697,3
185,698,3
185,700,3
185,701,3
185,702,3
185,704,3
185,705,3
185,706,3
185,711,3
185,712,3
185,715,3
185,718,3
185,719,3
185,722,3
185,729,3
185,730,3
185,731,3
185,747,3
185,750,3
185,759,3
185,760,3
185,765,3
185,768,3
185,774,3
185,777,3
185,778,3
185,805,3
185,823,3
185,829,3
185,834,3
185,853,3
185,888,3
185,918,3
185,919,3
185,926,3
185,931,3
185,934,3
185,1033,3
186,92,5
186,128,5
186,164,4
186,166,4
186,167,5
186,186,4
186,201,4
186,249,4
186,259,4
186,263,4
186,277,5
186,340,5
186,349,4
186,350,5
186,356,4
186,378,4
186,383,4
186,393,5
186,394,4
186,448,4
186,489,4
186,535,3
186,539,5
186,555,5
186,573,5
186,605,4
186,619,4
186,623,4
186,628,5
186,634,4
186,635,4
186,636,5
186,646,5
186,647,5
186,649,5
186,650,4
186,700,5
186,770,4
186,786,4
186,793,5
186,799,5
186,803,5
186,857,3
186,889,4
186,930,3
186,935,3
186,1044,5
187,141,5
187,143,5
187,151,5
187,276,5
187,281,4
187,839,5
187,1023,5
188,25,5
188,47,2
188,57,4
188,275,5
188,738,5
188,741,3
188,765,4
188,806,5
188,970,5
189,5,4
189,64,4
189,290,4
189,301,5
189,338,3
189,357,3
189,391,5
189,566,5
189,604,4
189,658,3
189,947,5
189,971,5
189,998,4
189,1034,4
190,3,5
190,72,5
190,100,4
190,146,5
190,210,4
190,219,5
190,223,3
190,224,5
190,686,4
190,701,5
190,706,4
190,709,4
190,842,5
190,954,5
190,956,5
190,1024,5
191,160,2
191,167,3
191,171,3
191,174,3
191,180,3
191,183,3
191,328,4
191,369,2
191,383,3
191,394,3
191,408,4
191,420,3
191,457,3
191,458,3
191,463,3
191,476,3
191,481,3
191,553,4
191,570,3
191,596,3
191,725,3
191,788,2
191,803,3
191,839,3
191,857,2
191,888,3
191,902,2
191,916,3
191,1004,3
191,1013,3
191,1044,3
192,23,4
192,63,4
192,80,5
192,293,3
192,314,2
192,318,3
192,324,5
192,332,3
192,335,3
192,341,4
192,425,4
192,508,4
192,568,4
192,654,4
192,841,5
192,986,4
193,5,4
193,59,5
193,70,5
193,76,4
193,89,4
193,116,4
193,120,3
193,189,4
193,216,4
193,292,3
193,308,3
193,323,4
193,364,4
193,371,3
193,501,3
193,519,5
193,595,5
193,742,4
193,903,4
193,972,4
193,996,4
193,1011,4
194,2,4
194,29,5
194,45,5
194,54,5
194,149,5
194,159,4
194,176,4
194,185,5
194,265,5
194,301,5
194,306,5
194,456,5
194,480,5
194,512,4
194,531,2
194,593,5
194,623,4
194,762,4
194,867,5
194,948,3
194,974,5
195,74,5
195,88,3
195,150,5
195,302,4
195,420,4
195,422,4
195,526,5
195,678,4
195,679,4
195,703,4
195,839,4
195,890,5
195,942,5
196,683,3
196,706,5
196,711,5
196,713,5
197,42,5
197,80,5
197,127,5
197,129,4
197,140,5
197,143,5
197,152,4
197,169,5
197,170,4
197,250,5
197,252,5
197,329,5
197,601,5
197,664,5
197,667,5
197,668,5
197,669,5
197,959,5
197,996,5
198,25,4
198,31,4
198,143,4
198,169,3
198,625,4
198,1011,5
198,1023,1
199,124,5
199,125,4
199,223,4
199,233,4
199,307,5
199,731,5
199,962,3
200,85,5
200,95,4
200,97,4
200,99,5
200,106,4
200,147,5
200,313,5
200,398,4
200,549,5
201,848,4
202,172,3
202,305,4
202,749,5
202,970,4
203,56,4
203,67,4
203,84,3
203,87,4
203,118,4
203,176,4
203,215,4
203,242,4
203,290,4
203,306,5
203,334,4
203,608,3
203,666,4
203,745,3
203,864,3
203,950,4
203,983,3
203,997,2
203,998,4
203,1004,4
203,1047,3
204,11,5
204,15,5
204,95,5
204,97,5
204,99,5
204,116,5
204,158,5
204,159,5
204,166,4
204,177,5
204,179,4
204,285,4
204,300,5
204,301,4
204,340,5
204,343,5
204,349,4
204,351,5
204,355,4
204,381,4
204,453,4
204,457,4
204,458,4
204,482,5
204,486,4
204,557,5
204,601,5
204,643,4
204,661,3
204,839,5
204,868,5
205,84,2
205,120,5
205,140,5
205,169,4
205,222,4
205,270,5
205,453,4
205,465,4
205,487,4
205,681,5
205,1040,4
205,1042,3
206,18,5
206,143,2
206,202,4
206,459,5
206,468,5
206,473,5
206,485,5
206,523,1
206,786,5
206,806,5
206,838,3
206,842,1
207,71,5
207,132,4
207,275,5
207,277,5
207,301,5
207,330,4
207,380,5
207,385,4
207,473,5
207,500,4
207,526,5
207,678,4
207,859,4
207,999,4
208,31,4
208,42,5
208,143,5
208,188,4
208,348,4
208,422,5
208,487,4
208,762,5
208,1011,4
209,70,4
209,115,5
209,460,5
210,17,5
210,25,5
210,46,5
210,58,5
210,118,4
210,119,5
210,135,4
210,198,4
210,201,5
210,236,4
210,237,5
210,243,5
210,244,5
210,248,5
210,267,4
210,277,3
210,292,5
210,293,5
210,319,4
210,391,5
210,395,4
210,495,4
210,604,4
210,674,4
210,678,4
210,845,4
210,850,5
210,854,4
210,879,5
210,966,5
210,1023,3
210,1027,5
210,1041,4
211,17,3
211,22,3
211,64,3
211,80,5
211,84,4
211,96,4
211,199,5
211,204,5
211,293,5
211,457,4
211,479,4
211,489,4
211,499,4
211,561,5
211,565,4
211,614,4
211,854,4
211,856,4
211,862,4
211,863,5
211,902,4
211,935,4
211,975,5
211,991,4
211,1015,5
211,1016,5
211,1019,5
211,1027,5
211,1040,5
211,1042,5
212,8,5
212,10,4
212,25,5
212,47,5
212,68,4
212,129,4
212,156,5
212,194,4
212,246,5
212,276,5
212,313,5
212,323,5
212,324,4
212,329,5
212,734,5
212,737,4
212,756,5
212,849,2
212,938,3
212,995,4
212,1011,4
213,120,5
213,121,5
213,122,5
213,134,4
213,227,4
213,290,4
213,311,4
213,359,5
213,360,5
213,388,5
213,483,4
213,505,5
213,536,4
213,538,5
213,576,5
213,579,4
213,586,5
213,698,5
213,792,4
213,822,5
213,837,4
213,876,4
213,953,3
213,969,4
213,971,4
214,63,5
214,108,5
214,122,5
214,219,4
214,456,5
214,572,5
214,585,5
214,885,5
214,898,5
214,914,5
215,12,4
215,13,3
215,24,5
215,148,5
215,176,5
215,232,5
215,250,5
215,297,5
215,309,4
215,495,4
215,587,3
215,615,5
215,748,4
215,965,5
215,1000,5
216,4,4
216,16,5
216,22,5
216,35,4
216,65,4
216,83,5
216,95,5
216,97,5
216,104,5
216,106,4
216,112,5
216,119,4
216,122,5
216,216,4
216,273,5
216,295,5
216,315,4
216,489,4
216,515,4
216,603,4
216,697,4
216,700,5
216,707,5
216,718,5
216,737,5
216,778,4
216,851,5
216,877,5
216,966,4
216,971,4
216,985,4
216,1008,4
216,1036,4
216,1047,4
216,1048,5
217,561,5
218,80,5
218,271,3
218,496,5
218,585,5
218,796,4
218,805,3
218,834,4
218,876,5
218,991,4
219,45,5
219,59,4
219,257,5
219,307,3
219,327,3
219,331,5
219,369,4
219,419,5
219,477,5
219,495,5
219,526,5
219,776,2
219,884,3
219,993,5
220,19,4
220,128,4
220,243,4
220,266,5
220,280,5
220,319,4
220,441,4
220,502,3
220,523,3
220,526,4
220,786,5
220,978,4
220,1045,3
221,18,4
221,51,4
221,59,5
221,60,4
221,111,4
221,122,4
221,144,4
221,235,5
221,267,4
221,286,5
221,334,5
221,457,5
221,515,5
221,605,4
221,642,4
221,667,5
221,676,4
221,679,4
221,714,4
221,737,4
221,845,5
221,847,3
221,868,3
221,955,4
221,998,4
221,1015,4
221,1041,4
221,1046,4
222,81,5
223,19,4
223,46,2
223,47,3
223,250,4
223,265,5
223,266,4
223,280,4
223,351,4
223,607,4
223,610,4
223,626,4
223,659,4
223,735,4
223,764,4
223,767,4
223,957,4
223,971,4
223,1045,5
223,1048,5
224,144,5
224,752,5
224,1015,5
224,1016,5
224,1017,5
224,1018,5
225,63,4
225,74,5
225,76,4
225,213,4
225,548,4
225,677,4
225,839,3
225,862,3
225,947,4
225,971,4
225,1031,4
226,2,4
226,7,5
226,14,4
226,18,5
226,25,3
226,46,4
226,52,4
226,115,5
226,116,4
226,127,4
226,245,4
226,249,2
226,286,3
226,325,5
226,458,4
226,475,5
226,477,5
226,479,5
226,481,4
226,495,3
226,518,5
226,536,5
226,642,4
226,673,5
226,841,4
226,848,3
226,947,4
226,959,4
226,1003,4
226,1021,5
226,1022,4
226,1037,5
226,1040,4
226,1049,3
227,11,5
227,30,5
227,31,5
227,45,5
227,63,5
227,81,5
227,117,5
227,135,3
227,138,5
227,145,5
227,148,5
227,150,5
227,208,5
227,209,5
227,218,5
227,219,5
227,221,4
227,224,5
227,225,5
227,237,5
227,240,3
227,243,5
227,248,3
227,269,4
227,270,5
227,271,4
227,272,5
227,277,5
227,307,5
227,308,3
227,345,5
227,377,5
227,400,5
227,406,5
227,409,5
227,412,5
227,413,5
227,414,5
227,415,5
227,420,5
227,422,5
227,423,5
227,424,5
227,425,5
227,451,5
227,458,5
227,463,5
227,465,5
227,508,5
227,537,5
227,541,3
227,617,5
227,628,5
227,632,4
227,647,5
227,680,5
227,683,5
227,686,5
227,687,5
227,693,5
227,694,5
227,695,5
227,697,4
227,698,5
227,699,5
227,700,5
227,701,5
227,702,5
227,706,5
227,709,5
227,711,5
227,712,5
227,713,5
227,715,5
227,716,5
227,718,5
227,719,5
227,722,5
227,725,5
227,729,5
227,730,5
227,731,5
227,737,5
227,738,5
227,739,4
227,740,5
227,741,5
227,747,5
227,750,5
227,756,5
227,765,5
227,768,5
227,774,5
227,777,5
227,778,5
227,781,4
227,784,5
227,796,5
227,803,5
227,828,5
227,839,5
227,853,5
227,863,5
227,872,5
227,876,5
227,877,5
227,881,5
227,888,5
227,904,5
227,915,5
227,918,5
227,919,5
227,925,5
227,926,4
227,931,5
227,934,5
227,935,5
227,948,5
227,950,5
227,968,5
227,975,5
227,976,5
227,985,5
227,1000,5
227,1015,5
227,1017,5
227,1020,5
227,1033,4
227,1041,5
228,12,5
228,14,3
228,18,4
228,44,4
228,80,4
228,300,4
228,319,3
228,456,4
228,590,4
228,601,4
228,738,4
228,748,4
228,896,4
228,998,4
229,48,4
229,66,4
229,68,5
229,70,5
229,151,5
229,252,5
229,263,4
229,264,5
229,265,4
229,303,5
229,420,5
229,425,4
229,449,4
229,451,4
229,468,5
229,473,4
229,495,3
229,496,4
229,521,5
229,626,5
229,675,4
229,912,5
229,941,5
229,947,4
229,982,5
229,996,3
229,1045,4
230,29,4
230,264,4
230,414,3
230,420,4
230,464,5
230,471,5
230,488,4
230,604,4
230,605,4
230,606,3
230,607,5
230,608,4
230,609,4
230,610,4
230,612,4
230,757,5
230,759,5
230,761,4
230,762,4
230,763,4
230,764,4
230,767,4
230,959,5
231,71,4
231,378,3
231,404,1
231,496,4
231,636,4
231,788,4
231,796,3
231,813,3
231,869,3
231,880,5
231,944,3
231,948,1
231,1013,1
231,1042,3
232,10,5
232,26,3
232,83,4
232,88,4
232,122,4
232,133,3
232,230,5
232,290,3
232,313,5
232,420,5
232,460,4
232,519,5
232,594,5
232,605,4
232,708,4
232,749,4
232,763,4
232,767,4
232,839,5
232,847,5
232,1000,4
232,1046,4
233,20,5
233,79,3
233,148,5
233,174,4
233,313,5
233,327,5
233,506,5
233,508,4
233,526,4
233,561,5
233,708,3
233,721,4
233,753,4
233,779,4
233,940,5
233,981,4
233,984,4
234,11,5
234,28,3
234,66,5
234,69,5
234,70,5
234,86,5
234,118,5
234,151,5
234,201,5
234,204,4
234,243,5
234,245,5
234,248,5
234,277,5
234,440,5
234,656,4
234,658,2
234,674,5
234,848,5
234,939,5
234,947,5
234,1003,5
234,1026,5
235,95,4
235,150,5
235,851,4
236,31,5
236,116,4
236,118,5
236,245,5
236,256,3
236,295,4
236,300,5
236,323,5
236,336,4
236,355,5
236,475,5
236,514,4
236,593,5
236,604,5
236,605,5
236,607,5
236,609,5
236,610,5
236,612,5
236,749,5
236,761,5
236,762,5
236,763,5
236,764,5
236,767,5
236,779,4
237,64,3
237,77,5
237,100,5
237,120,4
237,145,5
237,146,5
237,147,5
237,204,4
237,205,3
237,313,4
237,397,5
237,457,4
237,458,3
237,460,4
237,465,4
237,479,4
237,487,1
237,503,4
237,548,3
237,591,5
237,624,5
237,632,5
237,644,5
237,744,3
237,749,4
237,761,4
237,786,5
237,1005,4
238,93,5
238,102,5
238,158,3
238,164,4
238,259,5
238,262,5
238,263,5
238,341,4
238,353,4
238,360,4
238,382,4
238,393,5
238,398,5
238,411,5
238,448,4
238,450,4
238,470,4
238,494,4
238,531,5
238,532,4
238,558,4
238,570,4
238,604,4
238,605,4
238,607,4
238,609,4
238,689,4
238,694,3
238,695,4
238,711,3
238,715,3
238,725,3
238,749,4
238,757,5
238,764,4
238,793,4
238,800,5
238,872,4
238,876,4
238,927,4
239,664,5
239,753,4
240,850,3
240,1035,4
240,1036,5
241,6,5
241,15,4
241,21,5
241,25,5
241,26,5
241,30,5
241,46,5
241,48,4
241,63,5
241,65,4
241,80,4
241,88,4
241,117,4
241,131,4
241,207,4
241,215,4
241,224,4
241,226,4
241,243,4
241,248,4
241,284,4
241,314,4
241,420,5
241,424,5
241,478,4
241,506,4
241,510,5
241,511,4
241,689,4
241,694,4
241,697,3
241,700,4
241,711,4
241,722,5
241,847,5
241,986,4
241,1009,3
242,19,3
242,45,5
242,77,3
242,138,3
242,248,3
242,250,4
242,252,3
242,256,3
242,275,3
242,276,4
242,398,4
242,416,3
242,417,3
242,440,5
242,518,3
242,524,5
242,636,3
242,667,3
242,673,3
242,810,3
242,954,3
242,1012,4
243,144,5
243,147,5
243,194,4
243,330,4
243,334,4
243,407,4
243,586,3
243,609,5
243,749,4
243,813,4
243,1032,5
244,53,5
244,119,4
244,234,4
244,245,5
244,288,4
244,319,5
244,345,4
244,391,4
244,459,5
244,462,4
244,594,4
244,600,4
244,615,3
244,638,5
244,675,4
244,1000,5
244,1007,3
245,106,4
245,181,4
245,192,2
245,194,5
245,398,3
245,870,4
245,871,4
246,23,5
246,30,5
246,73,4
246,107,4
246,122,3
246,161,3
246,280,5
246,303,4
246,306,5
246,411,3
246,523,5
246,549,5
246,555,5
246,674,4
246,817,4
246,866,4
246,964,5
246,1003,5
247,213,4
247,420,4
247,421,4
247,496,4
247,586,5
247,686,5
247,698,4
247,711,5
247,731,5
247,855,3
247,1023,2
248,208,4
248,269,5
248,270,5
248,459,5
248,468,5
248,473,5
248,482,5
248,486,5
248,499,5
248,578,4
248,861,4
248,862,5
248,863,4
248,877,4
248,919,4
248,968,4
249,55,4
249,719,4
249,862,3
249,939,4
250,70,5
250,157,5
250,162,4
250,235,4
250,459,5
250,586,4
250,905,3
250,911,3
250,947,3
251,115,4
251,265,5
251,749,4
251,818,4
252,255,5
252,1001,4
253,435,4
253,454,4
253,659,4
254,145,4
254,194,4
254,275,3
254,387,3
254,389,3
254,465,2
254,518,4
254,524,4
254,526,4
254,676,3
254,678,4
254,679,3
254,684,4
254,685,3
254,724,3
254,763,3
254,786,5
254,810,5
254,1000,4
254,1002,4
254,1025,4
254,1037,3
255,158,4
255,352,5
255,383,5
255,454,4
255,514,5
255,627,5
255,634,5
255,904,4
256,15,5
256,23,5
256,71,5
256,122,5
256,136,5
256,291,5
256,304,5
256,420,5
256,424,5
256,458,4
256,506,5
256,566,4
256,604,5
256,626,5
256,767,5
256,839,5
256,1029,5
257,9,5
257,11,5
257,23,5
257,56,5
257,69,5
257,105,4
257,110,5
257,119,5
257,140,3
257,196,5
257,252,5
257,301,5
257,507,4
257,516,5
257,520,4
257,594,4
257,604,5
257,626,4
257,749,5
257,763,5
257,797,5
257,803,5
257,870,4
257,964,5
257,1005,5
258,2,4
258,251,5
258,252,5
258,314,5
258,516,5
258,544,5
258,668,5
258,669,5
258,824,2
258,884,5
259,18,5
259,95,3
259,97,4
259,117,4
259,122,4
259,181,3
259,188,4
259,189,5
259,190,5
259,265,5
259,280,5
259,320,4
259,338,3
259,420,4
259,504,5
259,515,5
259,531,5
259,591,4
259,639,5
259,799,4
259,807,5
259,839,5
259,849,4
259,851,3
259,896,5
259,971,5
259,972,4
259,983,3
259,995,5
259,1040,4
260,252,4
260,999,4
261,84,4
261,122,4
261,123,4
261,127,5
261,176,4
261,199,4
261,296,5
261,297,4
261,301,5
261,313,5
261,326,5
261,334,4
261,510,5
261,526,4
261,665,5
261,765,5
261,807,4
261,854,3
261,891,4
261,892,3
261,893,3
261,894,3
261,908,4
261,913,5
261,914,4
261,921,4
261,932,4
261,1021,3
261,1039,4
261,1042,4
262,146,5
263,419,5
263,421,5
263,423,5
263,424,5
263,425,5
263,838,5
263,839,5
263,992,5
263,1038,5
264,948,4
265,67,5
265,104,5
265,110,4
265,119,4
265,231,5
265,262,5
265,273,4
265,274,4
265,297,4
265,333,4
265,458,4
265,463,5
265,465,5
265,476,4
265,507,4
265,583,5
265,587,5
265,633,5
265,940,3
265,967,5
265,970,4
265,993,2
265,1003,4
265,1009,4
265,1015,4
265,1016,4
265,1017,5
265,1020,4
265,1025,4
266,30,4
266,44,4
266,88,4
266,99,4
266,101,4
266,106,4
266,154,4
266,159,4
266,161,3
266,522,4
266,566,3
266,576,4
266,621,4
266,635,4
266,780,4
266,806,4
266,872,4
266,940,4
266,948,4
266,996,5
266,1015,3
266,1019,2
267,939,4
268,11,2
268,19,4
268,68,3
268,71,5
268,87,4
268,112,4
268,136,4
268,201,4
268,210,4
268,234,4
268,277,4
268,334,4
268,351,3
268,354,3
268,479,3
268,506,2
268,553,4
268,557,3
268,618,3
268,627,3
268,650,1
268,657,4
268,667,3
268,670,4
268,677,4
268,715,4
268,718,3
268,761,4
268,844,2
268,905,3
268,928,4
268,978,3
268,988,4
268,1046,3
269,63,5
269,216,5
269,478,5
269,590,5
270,52,5
270,251,5
270,419,5
270,421,5
270,423,5
270,425,5
270,838,5
270,891,3
270,1021,5
271,11,1
271,18,4
271,19,4
271,20,4
271,79,4
271,122,4
271,239,3
271,382,4
271,398,4
271,402,4
271,576,4
271,799,4
271,818,4
271,942,4
271,954,4
271,1012,5
271,1045,4
271,1048,5
272,31,5
272,136,4
272,148,5
272,154,5
272,179,4
272,180,5
272,280,5
272,285,5
272,297,1
272,300,4
272,419,5
272,421,4
272,526,4
272,561,5
272,736,4
272,831,4
272,839,5
272,896,5
272,910,1
272,977,4
273,4,4
273,15,5
273,74,5
273,84,5
273,118,5
273,268,5
273,287,4
273,290,5
273,292,5
273,316,5
273,477,5
273,732,5
273,813,4
273,866,5
273,983,4
273,991,5
274,2,5
274,10,5
274,121,4
274,163,3
274,302,5
274,330,5
274,488,3
274,542,4
274,608,5
274,762,5
274,767,5
274,807,5
274,828,3
274,993,5
275,25,4
275,138,5
275,175,5
275,343,5
275,355,4
275,368,4
275,392,3
275,519,5
275,521,5
275,526,5
275,617,5
275,620,5
275,623,4
275,628,5
275,631,5
275,632,4
275,640,4
275,641,5
275,650,4
275,762,4
275,867,4
275,868,5
275,884,4
275,974,3
275,1012,5
275,1045,4
276,31,5
276,92,4
276,140,3
276,143,3
276,159,5
276,170,3
276,171,4
276,178,3
276,181,4
276,233,3
276,258,4
276,398,3
276,425,5
276,545,4
276,568,3
276,618,3
276,630,5
276,645,5
276,647,5
276,649,5
276,779,3
276,840,3
276,844,3
276,885,3
276,906,3
276,937,3
276,966,4
276,1038,3
276,1041,3
277,122,4
277,127,1
277,161,3
277,170,2
277,538,4
277,569,2
277,923,5
278,92,4
278,116,4
278,134,4
278,148,5
278,199,4
278,209,4
278,229,5
278,240,4
278,243,4
278,244,5
278,317,5
278,334,5
278,437,5
278,457,4
278,526,5
278,539,5
278,733,4
278,742,4
278,758,5
278,933,4
278,942,4
278,947,5
278,954,5
278,955,4
278,959,5
278,1023,3
279,74,4
279,77,4
279,96,4
279,119,4
279,220,4
279,227,4
279,234,4
279,264,4
279,267,4
279,286,4
279,353,4
279,389,4
279,555,4
279,557,4
279,605,4
279,782,4
279,876,5
279,937,4
279,1034,4
280,42,5
280,118,5
280,198,3
280,674,4
280,748,5
280,950,5
281,141,5
281,212,5
281,226,5
281,263,5
281,368,5
281,382,4
281,467,3
281,576,4
281,593,4
281,718,5
281,719,5
281,720,5
281,722,5
282,49,5
282,260,5
282,281,5
282,302,5
282,318,4
282,425,5
282,487,5
282,677,3
282,680,3
282,681,4
282,693,4
282,748,4
282,852,5
282,885,3
282,887,3
282,898,3
283,15,4
283,33,4
283,40,4
283,63,4
283,80,4
283,104,4
283,162,4
283,235,4
283,241,4
283,263,4
283,274,4
283,277,4
283,321,3
283,340,5
283,387,4
283,396,4
283,409,5
283,416,4
283,446,4
283,520,5
283,529,4
283,576,4
283,582,5
283,586,4
283,594,4
283,661,4
283,670,5
283,717,5
283,757,4
283,770,4
283,790,4
283,811,4
283,812,3
283,815,5
283,823,4
283,827,4
283,856,4
283,862,4
283,876,4
283,967,4
283,971,4
283,972,4
283,991,4
283,1008,4
283,1026,5
284,14,5
284,20,4
284,48,3
284,84,3
284,122,4
284,131,3
284,132,4
284,133,4
284,135,3
284,136,4
284,216,4
284,236,4
284,267,4
284,290,4
284,295,4
284,358,2
284,369,4
284,372,3
284,477,5
284,480,4
284,637,2
284,673,4
284,750,3
284,841,3
284,850,4
284,905,3
284,923,5
284,955,5
284,1011,4
284,1040,2
285,211,4
285,292,4
285,313,5
285,653,4
285,664,5
285,952,4
286,15,4
286,158,5
286,169,5
286,193,5
286,194,4
286,249,5
286,520,5
286,522,4
286,539,5
286,644,5
286,646,5
286,648,5
286,724,5
286,762,3
287,11,4
287,15,4
287,41,4
287,48,4
287,63,3
287,67,5
287,80,5
287,84,4
287,89,4
287,104,5
287,110,5
287,117,5
287,122,4
287,150,4
287,172,3
287,187,3
287,231,4
287,243,5
287,283,4
287,291,4
287,315,5
287,319,4
287,320,3
287,478,4
287,510,5
287,551,4
287,570,5
287,582,5
287,604,5
287,612,5
287,632,5
287,662,4
287,671,5
287,673,4
287,737,5
287,960,5
287,993,3
287,1022,5
288,54,3
288,112,3
288,144,5
288,146,5
288,175,5
288,515,5
288,568,4
288,634,2
288,644,5
288,645,5
288,649,5
288,819,5
288,831,5
288,837,4
288,839,4
288,890,4
289,44,4
289,162,5
289,233,5
289,307,5
289,314,4
289,338,5
289,347,2
289,360,4
289,375,4
289,410,4
289,439,4
289,458,4
289,463,5
289,524,5
289,531,4
289,600,4
289,603,4
289,628,5
289,630,5
289,794,4
289,871,5
289,999,4
289,1049,4
290,66,5
290,476,5
290,589,5
290,737,5
290,804,4
290,937,5
290,947,5
290,983,4
291,425,2
292,27,4
292,33,4
292,59,4
292,60,4
292,61,3
292,62,3
292,80,4
292,83,4
292,93,5
292,97,4
292,99,4
292,101,4
292,110,3
292,127,4
292,198,4
292,200,4
292,232,4
292,255,5
292,305,3
292,427,3
292,433,3
292,443,3
292,448,5
292,450,5
292,482,3
292,526,5
292,545,5
292,564,5
292,577,3
292,599,4
292,644,4
292,645,4
292,646,4
292,647,4
292,648,4
292,649,4
292,657,4
292,681,4
292,686,4
292,687,4
292,688,4
292,689,4
292,693,3
292,695,4
292,697,4
292,700,4
292,704,4
292,706,4
292,709,4
292,711,4
292,712,4
292,715,4
292,718,4
292,719,4
292,722,3
292,730,3
292,747,4
292,750,3
292,768,4
292,777,4
292,778,4
292,785,4
292,808,3
292,883,4
292,898,4
292,913,4
292,955,4
292,958,4
292,972,4
292,987,3
292,1000,3
292,1022,4
292,1038,4
292,1041,3
293,92,5
293,143,3
293,366,5
293,463,5
293,536,5
293,568,5
293,777,5
293,813,5
293,814,5
294,6,5
294,10,4
294,224,4
294,391,5
294,737,5
294,1021,5
294,1022,5
294,1028,5
295,24,2
295,33,3
295,154,5
295,179,4
295,191,5
295,290,3
295,292,3
295,342,3
295,352,3
295,362,4
295,378,3
295,422,5
295,423,5
295,466,3
295,530,4
295,566,3
295,572,2
295,578,2
295,590,2
295,658,4
295,751,5
295,933,5
296,127,4
296,144,5
296,148,5
296,300,3
296,334,4
296,523,4
296,526,5
296,671,4
296,779,4
296,896,4
297,15,4
297,24,3
297,26,3
297,51,5
297,57,4
297,64,4
297,65,4
297,71,3
297,77,4
297,98,4
297,117,3
297,179,4
297,198,4
297,200,4
297,203,4
297,232,4
297,237,4
297,246,4
297,277,4
297,280,4
297,285,4
297,322,4
297,326,4
297,496,3
297,515,5
297,518,4
297,585,4
297,690,4
297,699,3
297,739,5
297,751,4
297,943,4
297,963,3
297,971,4
298,221,5
298,347,4
298,358,3
298,382,2
298,479,3
298,560,4
298,680,2
298,716,4
298,722,5
298,723,5
298,728,4
298,791,4
298,821,5
298,934,5
298,953,4
298,1043,5
299,104,4
299,154,5
299,163,4
299,576,4
299,643,3
299,715,5
299,716,4
299,729,5
299,730,5
299,731,5
299,796,4
299,818,3
299,824,3
299,878,4
300,15,5
300,17,5
300,23,3
300,26,5
300,28,5
300,51,5
300,55,5
300,72,5
300,77,5
300,80,5
300,81,5
300,122,5
300,127,5
300,156,5
300,188,5
300,189,5
300,190,5
300,235,5
300,242,5
300,246,5
300,248,4
300,257,5
300,264,4
300,276,5
300,280,5
300,304,5
300,320,5
300,323,5
300,386,2
300,397,5
300,453,5
300,511,5
300,516,5
300,520,4
300,521,5
300,551,4
300,553,5
300,555,5
300,558,3
300,562,4
300,565,4
300,586,4
300,587,5
300,595,5
300,597,4
300,601,5
300,628,3
300,630,5
300,634,3
300,643,5
300,671,5
300,752,5
300,758,5
300,759,5
300,793,4
300,810,4
300,880,4
300,882,4
300,917,5
300,933,5
300,939,5
300,945,5
300,947,5
300,950,5
300,959,5
300,980,5
300,994,4
300,995,5
300,1004,5
300,1012,5
300,1015,3
300,1032,4
301,7,5
301,101,5
301,104,5
301,110,5
301,112,5
301,302,4
301,421,5
301,460,5
301,603,5
301,803,5
302,176,4
302,227,5
302,420,5
302,422,5
302,423,5
302,839,5
302,866,4
302,891,5
302,908,5
302,911,4
303,23,4
303,25,4
303,37,4
303,64,1
303,84,1
303,215,4
303,465,3
303,669,3
303,1009,3
304,70,5
304,77,5
305,138,4
305,144,5
305,145,5
305,313,5
305,334,4
305,379,5
305,526,5
305,752,4
305,765,5
305,958,5
306,144,5
306,419,5
306,421,5
306,423,5
306,425,5
306,703,4
306,838,5
306,952,3
307,145,5
307,154,4
307,159,5
307,170,4
307,306,4
307,422,5
307,423,5
307,425,5
307,552,4
307,562,5
307,583,4
307,621,5
307,746,5
307,756,4
307,763,4
307,910,4
307,1020,5
308,15,4
308,121,4
308,159,4
308,174,4
308,179,4
308,188,5
308,200,4
308,233,5
308,253,5
308,268,4
308,313,5
308,347,4
308,368,4
308,375,4
308,465,4
308,493,4
308,507,3
308,598,3
308,618,5
308,762,3
308,801,4
308,832,4
308,867,4
308,882,4
308,984,5
308,1040,4
309,2,5
309,20,5
309,23,5
309,58,5
309,79,4
309,200,2
309,203,4
309,231,5
309,239,5
309,272,5
309,322,4
309,439,5
309,526,5
309,734,5
309,748,5
309,808,5
309,982,5
309,1045,4
310,23,3
310,92,3
310,98,3
310,135,4
310,477,3
310,484,4
310,487,3
310,601,4
310,651,3
310,657,3
310,671,4
310,696,4
310,712,3
310,766,3
310,895,3
310,942,3
310,946,3
310,955,4
310,991,3
310,1009,2
310,1020,5
310,1044,3
311,191,5
311,624,4
311,819,4
311,821,4
312,19,5
312,26,4
312,59,5
312,64,3
312,71,5
312,85,5
312,90,5
312,110,4
312,115,5
312,122,4
312,144,5
312,149,5
312,152,4
312,159,4
312,162,4
312,200,4
312,204,4
312,243,5
312,248,3
312,249,4
312,256,5
312,262,5
312,288,4
312,293,4
312,296,4
312,310,4
312,313,4
312,317,5
312,457,4
312,496,3
312,513,4
312,624,5
312,658,1
312,675,5
312,702,3
312,752,5
312,841,5
312,854,4
312,856,3
312,884,4
312,905,3
312,917,5
312,992,4
312,1010,4
312,1025,5
312,1026,5
312,1027,5
312,1038,5
313,36,4
313,52,5
313,65,4
313,78,4
313,81,4
313,101,4
313,127,5
313,140,5
313,143,4
313,152,5
313,170,5
313,175,5
313,297,4
313,419,5
313,421,5
313,560,4
313,620,4
313,624,5
313,673,4
313,744,3
313,756,4
313,773,5
313,803,4
313,838,5
313,896,5
313,952,5
313,954,5
313,957,4
313,998,5
313,1002,4
314,119,4
314,127,4
314,173,5
314,250,3
314,327,2
314,451,3
314,518,5
314,561,4
314,696,3
314,971,5
315,46,4
316,15,5
316,18,5
316,23,3
316,65,4
316,113,4
316,156,5
316,322,5
316,323,5
316,541,5
316,590,5
316,601,4
316,608,5
316,672,4
316,726,1
316,800,3
316,949,5
316,1008,5
316,1010,5
316,1026,4
316,1046,5
317,102,3
317,219,5
317,269,3
317,563,3
317,599,3
317,695,3
317,701,3
317,702,3
317,706,5
317,711,5
317,712,5
317,713,3
317,919,3
317,1033,3
318,210,4
318,211,4
318,212,4
318,213,4
318,579,4
318,580,4
318,681,5
318,722,3
318,729,4
318,730,4
318,731,4
318,1013,4
318,1014,4
318,1031,4
318,1035,4
319,319,3
319,549,5
319,886,5
319,992,4
320,52,3
320,54,4
321,19,4
321,42,3
321,100,3
321,247,5
321,252,5
321,295,3
321,313,4
321,495,4
321,732,2
321,871,3
321,948,5
321,970,5
321,1011,5
322,48,4
322,68,4
322,74,5
322,77,2
322,208,5
322,243,5
322,489,4
322,502,5
322,536,5
322,579,4
322,719,3
322,793,5
322,948,4
322,985,5
322,991,4
322,1011,2
323,24,2
323,63,4
323,334,4
323,359,3
323,449,5
323,461,4
323,467,3
323,472,3
323,490,3
323,505,3
323,626,4
323,673,4
323,754,4
323,852,3
323,858,3
323,912,2
323,913,4
323,933,3
323,952,3
323,954,2
323,957,3
323,1003,4
323,1012,4
324,15,3
324,19,4
324,97,3
324,118,3
324,121,3
324,145,3
324,186,3
324,230,2
324,313,4
324,438,2
324,458,3
324,463,4
324,566,2
324,587,4
324,637,3
324,697,3
324,698,2
324,700,3
324,701,4
324,702,4
324,733,3
324,846,1
324,851,4
324,859,5
324,866,3
324,874,4
324,883,4
324,943,2
324,947,2
324,959,3
325,63,4
325,115,5
325,199,3
325,334,3
325,440,4
325,622,4
325,632,4
325,634,5
325,640,4
325,1015,4
325,1016,4
326,272,5
326,603,4
326,803,5
327,73,3
327,80,5
327,116,4
327,120,4
327,159,4
327,162,4
327,191,5
327,230,5
327,249,4
327,299,4
327,300,4
327,305,4
327,332,3
327,458,4
327,518,4
327,601,4
327,664,5
327,673,5
327,675,3
327,803,4
327,940,5
327,943,5
327,996,5
327,998,5
327,1004,3
327,1027,4
327,1047,4
328,18,3
328,27,5
328,34,5
328,77,2
328,122,4
328,157,1
328,170,4
328,181,4
328,199,4
328,333,3
328,342,4
328,439,5
328,487,5
328,644,3
328,645,3
328,646,3
328,647,3
328,648,3
328,649,4
328,712,3
328,773,5
328,818,4
328,860,4
328,868,3
329,12,5
329,13,5
329,36,5
329,62,5
329,83,5
329,93,5
329,102,5
329,125,5
329,159,5
329,174,4
329,177,3
329,179,5
329,181,3
329,254,5
329,305,5
329,331,5
329,376,5
329,382,5
329,393,5
329,397,5
329,433,3
329,442,3
329,447,3
329,453,5
329,463,3
329,465,5
329,488,5
329,537,4
329,544,5
329,550,3
329,556,3
329,560,3
329,562,5
329,566,5
329,586,3
329,600,3
329,695,5
329,718,4
329,730,4
329,781,5
329,783,4
329,788,5
329,801,5
329,803,4
329,815,5
329,823,5
329,835,4
329,844,4
329,854,5
329,869,5
329,873,4
329,875,5
329,882,5
329,899,3
329,924,5
329,928,5
329,975,5
329,979,5
329,1033,3
329,1037,5
330,637,4
330,849,4
330,928,4
330,929,3
331,122,4
331,126,3
331,255,5
331,327,5
331,478,2
331,484,4
331,518,3
331,576,4
331,659,2
331,678,4
331,762,3
331,830,5
332,139,5
332,148,5
332,164,5
332,458,4
332,519,5
332,558,4
332,644,5
333,48,4
333,78,1
333,159,3
333,290,5
333,292,5
333,295,5
333,316,4
333,457,5
333,458,5
333,459,5
333,463,5
333,465,5
333,468,5
333,473,5
333,683,3
333,694,4
333,698,5
333,710,3
333,716,4
333,814,5
333,851,5
333,888,4
333,909,4
333,919,4
333,924,4
333,927,5
333,1015,5
334,83,4
334,95,4
334,110,4
334,141,5
334,143,5
334,159,4
334,178,3
334,460,4
334,624,3
334,965,5
334,988,3
335,19,5
335,47,4
335,68,3
335,115,5
335,122,5
335,281,5
335,282,5
335,394,4
335,401,4
335,406,4
335,409,4
335,583,5
335,609,3
335,661,4
335,688,5
335,721,5
335,763,5
335,764,4
335,770,5
335,790,5
335,809,5
335,852,4
335,874,3
335,875,5
336,25,5
336,97,4
336,211,4
336,214,4
336,218,4
336,219,5
336,222,5
336,223,5
336,224,4
336,225,4
336,226,4
336,377,4
336,400,4
336,406,5
336,409,4
336,412,4
336,413,5
336,414,5
336,415,5
336,686,5
336,687,5
336,688,5
336,690,4
336,694,4
336,697,5
336,701,5
336,702,4
336,705,4
336,706,5
336,709,4
336,711,5
336,712,5
336,715,5
336,718,5
336,719,5
336,720,5
336,722,5
336,725,5
336,727,5
336,729,5
336,730,5
336,747,4
336,750,4
336,873,4
336,882,5
336,934,5
336,1022,5
337,67,5
337,83,5
337,117,4
337,143,4
337,154,4
337,162,4
337,165,4
337,166,4
337,168,4
337,177,5
337,193,3
337,304,5
337,313,5
337,338,4
337,340,5
337,347,4
337,348,5
337,350,4
337,351,5
337,353,4
337,354,4
337,357,4
337,358,4
337,360,4
337,361,4
337,366,5
337,369,4
337,371,4
337,374,4
337,384,4
337,387,5
337,393,4
337,396,4
337,401,4
337,412,5
337,437,5
337,453,4
337,457,5
337,476,4
337,487,5
337,489,5
337,493,4
337,525,4
337,532,3
337,620,4
337,622,5
337,636,4
337,640,4
337,668,4
337,672,3
337,748,3
337,772,4
337,783,4
337,787,3
337,818,3
337,930,4
337,950,4
337,971,4
338,11,4
338,278,4
338,318,2
338,458,5
338,566,2
338,576,5
338,587,5
338,599,5
338,681,5
338,682,5
338,693,4
338,698,4
338,706,5
338,712,5
338,718,5
338,742,5
338,856,5
338,935,5
338,967,5
339,148,5
339,175,5
339,200,3
339,275,5
339,306,5
339,327,2
339,334,5
339,439,5
339,771,4
339,790,4
339,802,3
340,122,4
340,160,5
340,297,3
340,541,4
340,751,5
340,954,5
340,1023,1
340,1025,4
341,27,5
341,53,5
341,78,5
341,114,4
341,117,5
341,122,4
341,215,5
341,230,5
341,284,5
341,291,4
341,293,5
341,295,5
341,313,5
341,541,4
341,894,1
342,12,5
342,27,4
342,43,5
342,71,5
342,143,5
342,194,4
342,197,4
342,201,4
342,255,4
342,256,5
342,300,4
342,313,5
342,334,5
342,455,4
342,475,5
342,486,3
342,510,5
342,516,5
342,524,5
342,539,5
342,543,4
342,566,4
342,629,4
342,737,5
342,738,5
342,739,4
342,740,5
342,741,5
342,742,5
342,752,5
342,754,4
342,795,3
342,850,4
342,883,4
342,896,5
342,903,4
342,933,4
342,937,4
342,948,5
342,1001,4
342,1009,3
343,22,4
343,27,4
343,176,5
343,205,4
343,243,4
343,245,4
343,267,3
343,306,5
343,323,3
343,334,5
343,496,4
343,526,5
343,552,5
343,590,4
343,601,4
343,604,4
343,610,4
343,612,4
343,651,4
343,665,5
343,753,3
343,763,4
343,767,4
343,848,4
343,854,4
343,923,5
343,956,4
343,959,4
343,971,4
343,972,4
343,987,3
343,1020,5
343,1044,4
343,1046,5
344,77,5
344,99,5
344,162,4
344,301,5
344,378,5
344,383,5
344,390,5
344,496,4
344,884,5
344,943,4
344,1020,5
345,113,4
345,313,4
345,338,4
345,453,3
345,482,4
345,555,3
345,609,4
345,626,5
345,633,4
345,763,4
345,970,4
346,106,5
346,144,5
346,196,1
346,1026,5
346,1027,4
347,218,4
347,251,5
348,25,3
348,42,3
348,69,4
348,71,5
348,77,4
348,289,3
348,324,4
348,325,4
348,391,5
348,395,4
348,615,3
348,729,3
348,730,4
348,731,4
348,820,4
348,835,4
348,846,4
349,56,3
349,83,5
349,84,5
349,103,3
349,106,2
349,111,4
349,122,4
349,194,4
349,230,4
349,261,4
349,266,4
349,280,5
349,298,4
349,299,5
349,311,4
349,313,3
349,316,2
349,318,4
349,329,4
349,331,4
349,341,4
349,344,4
349,348,4
349,350,3
349,357,5
349,368,4
349,380,5
349,385,5
349,388,4
349,407,4
349,425,5
349,440,4
349,448,4
349,509,4
349,515,5
349,518,5
349,520,5
349,601,5
349,603,5
349,622,4
349,724,4
349,732,5
349,790,4
349,1001,5
349,1002,5
350,83,5
350,121,4
350,152,4
350,194,4
350,259,3
350,336,4
350,387,4
350,413,4
350,457,3
350,468,3
350,726,3
350,919,5
350,931,4
350,971,5
351,458,4
351,879,5
351,883,5
351,1020,4
352,12,5
352,23,4
352,71,5
352,83,5
352,107,5
352,227,5
352,290,5
352,323,5
352,476,5
352,499,5
352,581,3
352,582,5
352,589,4
352,652,3
352,675,5
352,691,3
352,800,5
352,825,5
352,836,3
352,940,5
352,967,5
352,971,5
352,972,5
352,991,5
352,1005,5
352,1025,4
352,1027,4
353,105,4
353,249,4
353,259,5
353,313,5
353,406,5
353,493,5
353,497,5
353,502,5
353,577,5
353,601,4
353,643,4
353,841,5
353,910,2
354,133,5
354,302,5
354,330,5
354,331,5
354,448,5
354,547,5
354,548,5
354,552,5
354,561,5
354,566,5
354,572,5
354,623,4
354,644,5
354,645,5
354,646,5
354,647,5
354,648,5
354,649,5
354,731,5
354,755,5
354,830,4
354,831,5
354,844,5
354,881,5
354,915,5
354,962,5
354,970,5
354,989,5
354,991,5
354,992,4
354,994,5
354,998,5
354,1038,5
354,1043,5
355,6,4
355,16,4
355,92,4
355,101,5
355,186,4
355,188,5
355,282,4
355,299,4
355,376,5
355,387,5
355,393,4
355,397,5
355,398,3
355,402,5
355,411,1
355,458,5
355,463,4
355,476,4
355,481,5
355,500,3
355,526,5
355,536,4
355,553,5
355,565,4
355,576,4
355,583,5
355,602,3
355,604,5
355,605,5
355,610,4
355,627,5
355,749,4
355,761,4
355,762,4
355,763,3
355,769,5
355,775,5
355,787,4
355,799,5
355,800,5
355,801,4
355,859,4
355,902,4
355,933,4
356,86,3
356,122,4
356,163,4
356,170,4
356,180,4
356,323,3
356,446,4
356,458,5
356,534,3
356,611,4
356,616,3
356,854,4
356,857,4
356,921,2
356,998,5
356,999,3
356,1008,4
357,356,3
357,534,5
357,553,4
357,556,5
357,573,3
357,575,4
357,599,4
357,601,4
357,924,5
357,1020,4
358,58,3
358,203,5
358,267,3
358,281,5
358,510,5
358,542,5
358,656,5
358,893,4
359,84,4
359,115,4
359,280,5
359,734,4
359,764,5
360,147,5
360,1015,5
360,1016,5
360,1017,4
361,72,5
361,73,4
361,330,4
361,421,5
361,423,5
361,425,5
361,484,5
361,501,5
361,511,5
361,516,5
361,518,5
361,522,3
361,604,5
361,810,5
361,838,5
361,839,5
362,39,4
362,254,5
362,298,5
362,451,5
362,677,5
362,802,5
362,858,4
362,939,5
362,959,4
362,978,5
362,1046,4
363,83,5
363,88,5
363,95,5
363,97,5
363,99,5
363,101,5
363,104,5
363,106,5
363,107,5
363,108,5
363,110,5
363,112,5
363,124,5
363,266,5
363,280,5
363,285,5
363,298,5
363,305,5
363,308,4
363,318,5
363,396,5
363,497,5
363,503,5
363,504,5
363,560,5
363,583,5
363,587,5
363,623,3
363,627,5
363,632,5
363,640,5
363,812,5
363,813,5
363,817,5
363,819,5
363,851,5
363,881,5
363,891,5
363,892,5
363,893,5
363,894,5
363,906,5
363,907,5
363,908,5
363,913,5
363,914,5
363,920,5
363,921,5
363,922,5
363,928,5
363,932,5
363,1015,5
363,1016,5
364,270,5
364,279,5
364,683,5
364,713,4
364,737,5
364,738,5
364,739,5
364,839,5
364,853,5
364,872,5
364,918,5
364,919,5
365,63,5
365,130,5
365,140,5
365,152,5
365,158,5
365,170,5
365,178,5
365,273,5
365,323,4
365,421,5
365,423,5
365,425,5
365,459,5
365,468,5
365,485,5
365,662,5
365,782,5
365,790,5
365,802,5
365,809,5
365,816,5
365,820,5
365,824,5
365,839,5
365,938,5
366,8,5
366,13,4
366,15,4
366,30,4
366,37,4
366,55,3
366,64,4
366,71,3
366,75,3
366,80,5
366,123,4
366,280,4
366,502,4
366,506,5
366,511,4
366,578,4
366,589,4
366,847,4
366,891,1
366,944,2
366,966,5
366,971,5
366,994,3
366,1019,3
367,30,4
367,851,4
367,871,4
368,153,5
368,644,5
368,647,5
369,1036,4
370,148,4
371,144,5
371,145,5
371,251,5
371,738,5
371,739,5
371,740,5
372,95,5
372,97,5
372,99,5
372,100,5
372,104,5
372,110,5
372,111,4
372,112,4
372,208,4
372,214,5
372,219,5
372,279,5
372,400,4
372,406,5
372,413,4
372,414,5
372,425,5
372,459,5
372,508,4
372,522,4
372,525,5
372,526,4
372,529,4
372,530,4
372,572,5
372,578,5
372,579,4
372,580,4
372,668,5
372,690,4
372,695,5
372,699,5
372,712,4
372,716,4
372,718,4
372,719,5
372,720,5
372,722,5
372,727,5
372,731,5
372,776,3
372,779,5
372,789,4
372,818,4
372,824,5
372,826,5
372,836,5
372,839,5
372,851,4
372,872,4
372,888,4
372,918,5
372,919,5
372,934,5
373,1,5
373,66,3
373,278,2
373,304,5
373,335,5
373,341,4
373,344,4
373,368,5
373,375,4
373,423,4
373,524,5
373,534,3
373,552,4
373,559,2
373,601,5
373,602,5
373,757,4
373,803,4
373,806,3
373,808,5
373,946,5
373,963,5
374,31,4
374,161,3
374,210,4
374,241,5
374,300,3
374,315,5
374,335,5
374,354,4
374,359,4
374,373,3
374,420,5
374,435,4
374,446,3
374,453,5
374,457,4
374,489,4
374,496,4
374,502,5
374,506,5
374,566,4
374,683,5
374,713,5
374,839,4
374,924,4
374,943,3
375,771,5
375,992,4
376,77,5
376,145,5
376,152,5
376,170,5
376,240,4
376,323,5
376,630,4
376,745,5
376,903,3
376,954,4
376,1011,4
376,1012,5
377,5,5
377,51,5
377,52,4
377,86,4
377,89,5
377,135,2
377,154,3
377,198,4
377,216,5
377,217,4
377,274,4
377,313,5
377,482,4
377,496,4
377,526,5
377,578,4
377,579,2
377,668,2
377,673,4
377,765,5
377,866,5
377,919,4
377,1008,5
377,1023,1
378,354,3
378,448,3
378,524,4
378,566,3
378,624,4
378,687,5
378,952,4
378,959,5
378,1002,3
379,122,5
379,136,3
379,193,4
379,228,4
379,231,4
379,290,4
379,291,4
379,301,4
379,572,4
379,581,5
379,590,4
379,606,4
379,616,4
379,777,4
379,905,3
379,960,5
380,130,5
380,458,5
380,482,4
380,808,5
381,41,5
381,63,5
381,66,5
381,110,5
381,119,5
381,122,5
381,167,5
381,237,5
381,255,5
381,292,5
381,417,5
381,432,5
381,444,5
381,454,5
381,456,5
381,467,5
381,472,5
381,480,5
381,496,5
381,536,5
381,539,5
381,543,4
381,548,5
381,553,5
381,558,5
381,561,3
381,572,5
381,582,5
381,596,5
381,632,3
381,663,1
381,681,5
381,682,5
381,693,5
381,698,5
381,700,5
381,709,5
381,725,5
381,780,5
381,792,5
381,846,5
381,887,5
381,891,5
381,892,5
381,898,5
381,901,5
381,905,5
381,906,5
381,907,5
381,908,5
381,911,5
381,914,5
381,920,5
381,947,5
381,983,3
382,260,4
382,422,5
382,839,5
382,947,4
382,1027,5
383,28,5
383,43,5
383,50,5
383,77,5
383,286,5
384,83,4
384,95,5
384,101,4
384,110,4
384,143,5
385,119,5
385,129,5
385,173,5
385,306,5
385,406,4
385,411,3
385,479,3
385,496,5
385,526,5
385,956,5
386,6,5
386,137,5
386,141,5
386,151,5
386,153,5
386,621,5
386,744,5
386,839,5
387,19,4
387,144,5
387,185,4
387,276,3
387,521,5
387,806,4
387,980,3
388,3,4
388,4,4
388,88,5
388,108,4
388,228,4
388,366,5
388,380,5
388,396,4
388,401,4
388,410,5
388,413,5
388,414,5
388,448,4
388,489,4
388,576,5
388,580,4
388,655,3
388,679,4
388,711,5
388,712,4
388,713,4
388,788,5
388,824,4
388,826,4
389,19,4
389,83,5
389,92,5
389,95,5
389,97,5
389,99,5
389,101,5
389,104,5
389,110,5
389,112,5
389,187,5
389,188,5
389,189,5
389,190,5
389,245,5
389,263,5
389,282,5
389,287,5
389,350,5
389,353,5
389,357,5
389,364,5
389,366,5
389,376,5
389,382,5
389,385,5
389,393,5
389,396,5
389,398,5
389,407,5
389,408,5
389,410,4
389,411,5
389,424,5
389,463,5
389,464,5
389,465,4
389,471,5
389,494,4
389,495,4
389,497,4
389,506,5
389,507,5
389,512,3
389,551,4
389,558,4
389,562,4
389,565,4
389,570,4
389,573,5
389,576,3
389,593,5
389,594,5
389,604,5
389,605,5
389,607,5
389,608,5
389,609,5
389,610,5
389,612,5
389,613,5
389,617,3
389,628,5
389,632,5
389,641,5
389,642,4
389,643,5
389,644,5
389,645,5
389,646,5
389,647,5
389,648,5
389,691,4
389,749,4
389,761,5
389,762,5
389,763,5
389,764,5
389,767,5
389,775,4
389,799,4
389,800,5
389,801,5
389,851,5
389,870,5
389,880,5
389,884,5
389,912,5
389,974,5
389,1011,4
390,15,4
390,35,3
390,68,4
390,84,4
390,117,3
390,122,5
390,148,4
390,203,3
390,229,5
390,245,5
390,246,5
390,265,5
390,424,5
390,425,5
390,456,3
390,496,3
390,501,3
390,526,4
390,542,2
390,573,3
390,658,3
390,965,4
390,971,4
390,1011,4
390,1023,1
391,143,4
391,448,3
391,734,3
391,955,3
392,68,3
392,77,4
392,80,5
392,100,4
392,106,4
392,112,4
392,115,4
392,122,5
392,125,4
392,128,1
392,185,5
392,190,4
392,192,4
392,213,4
392,297,4
392,306,5
392,349,4
392,350,4
392,351,4
392,367,4
392,397,4
392,453,5
392,458,4
392,459,4
392,495,4
392,507,4
392,522,5
392,557,5
392,562,4
392,569,3
392,570,4
392,576,4
392,582,4
392,583,4
392,584,4
392,587,4
392,601,4
392,659,5
392,690,4
392,699,3
392,726,3
392,736,5
392,796,5
392,804,4
392,813,4
392,819,4
392,821,4
392,836,4
392,851,4
392,853,4
392,873,4
392,880,4
392,931,5
392,944,1
392,950,4
392,951,4
392,979,4
392,980,3
392,987,4
392,994,4
392,998,3
392,1006,4
392,1017,4
392,1041,4
392,1047,3
393,110,5
393,112,5
393,148,5
393,556,5
393,889,5
393,926,4
394,24,4
394,36,4
394,44,4
394,68,4
394,244,3
394,250,4
394,297,3
394,302,4
394,420,5
394,421,5
394,440,5
394,515,5
394,518,5
394,560,4
394,738,4
394,740,4
394,848,5
394,849,3
394,941,5
395,11,5
395,23,1
395,35,5
395,505,5
395,660,5
395,1025,4
396,66,4
396,201,4
396,203,5
396,396,4
396,541,4
396,562,4
396,570,4
396,633,4
396,654,4
396,866,5
396,924,3
396,974,4
396,1032,3
397,69,3
397,181,3
397,214,5
397,219,4
397,221,4
397,222,5
397,255,4
397,271,3
397,346,3
397,393,3
397,397,3
397,472,3
397,479,4
397,493,5
397,567,4
397,686,5
397,687,5
397,688,5
397,697,5
397,718,3
397,766,5
397,793,3
397,857,4
397,926,3
397,928,3
397,930,3
397,936,4
397,968,3
397,979,4
398,69,2
398,322,4
398,495,4
398,797,4
399,44,4
399,80,4
399,92,4
399,119,3
399,128,3
399,141,2
399,151,4
399,153,1
399,176,3
399,244,2
399,271,2
399,397,3
399,453,4
399,521,4
399,553,3
399,566,2
399,658,3
399,854,3
399,933,3
399,998,2
400,19,4
400,44,5
400,73,5
400,192,4
400,252,5
400,334,5
400,341,4
400,344,4
400,360,3
400,368,4
400,388,4
400,420,4
400,422,5
400,453,3
400,487,3
400,518,5
400,621,4
400,622,4
400,624,4
400,839,4
400,977,4
400,1028,2
401,4,3
401,49,5
401,64,5
401,75,5
401,97,3
401,106,4
401,244,4
401,273,4
401,281,5
401,295,5
401,312,4
401,377,5
401,425,5
401,508,3
401,525,5
401,589,5
401,729,5
401,730,5
401,731,5
401,797,5
401,828,4
401,860,5
401,875,4
401,1027,5
401,1029,5
401,1031,4
401,1035,4
402,27,2
402,33,4
402,37,4
402,51,4
402,64,3
402,65,4
402,77,5
402,93,4
402,113,5
402,174,4
402,202,4
402,243,5
402,302,4
402,306,5
402,316,5
402,319,4
402,515,4
402,543,4
402,559,4
402,570,5
402,576,4
402,586,4
402,673,5
402,706,4
402,720,4
402,828,4
402,835,4
402,862,4
402,937,4
402,969,4
402,978,2
402,992,3
402,1015,5
402,1016,5
403,16,5
403,19,5
403,26,3
403,69,3
403,71,4
403,117,5
403,122,4
403,133,4
403,201,4
403,235,5
403,266,3
403,285,5
403,297,5
403,453,4
403,487,4
403,501,3
403,544,5
403,582,3
403,654,3
403,944,4
404,988,5
405,136,3
405,237,5
405,303,4
405,379,5
405,514,5
405,516,3
405,548,3
405,620,4
405,734,5
405,950,5
405,980,4
405,1020,5
405,1041,5
406,2,4
406,43,3
406,44,4
406,119,4
406,159,4
406,306,4
406,421,4
406,475,4
406,484,4
406,511,5
406,540,4
406,622,4
406,742,3
406,839,4
406,883,4
406,890,4
406,896,4
406,950,4
406,1000,4
406,1021,4
407,51,4
407,491,4
407,529,4
407,672,4
407,868,4
407,891,4
407,901,4
407,927,4
408,608,4
408,764,5
409,65,4
409,80,5
409,128,4
409,143,3
409,151,5
409,169,4
409,172,5
409,203,4
409,242,4
409,244,3
409,252,5
409,267,2
409,277,5
409,339,3
409,376,4
409,387,4
409,397,4
409,437,5
409,488,4
409,495,4
409,534,5
409,539,5
409,590,3
409,663,3
409,666,4
409,673,4
409,690,4
409,742,4
409,773,4
409,779,5
409,858,3
409,910,4
409,965,4
409,991,5
409,1000,4
409,1011,4
409,1012,5
410,623,4
410,632,4
411,18,5
411,64,4
411,70,5
411,84,5
411,90,4
411,119,4
411,135,4
411,236,3
411,237,3
411,243,4
411,248,3
411,386,3
411,431,4
411,472,3
411,497,5
411,551,3
411,611,5
411,656,3
411,715,3
411,796,3
411,974,4
411,1015,4
411,1044,5
412,10,5
412,14,3
412,18,4
412,19,5
412,20,3
412,90,4
412,140,5
412,159,4
412,163,4
412,169,5
412,178,5
412,186,4
412,190,4
412,199,5
412,252,5
412,398,4
412,476,4
412,561,2
412,787,4
412,803,5
412,860,4
412,880,5
412,1027,4
413,137,5
413,144,5
413,194,5
413,233,5
413,270,5
413,520,5
413,620,5
413,621,5
413,622,5
413,623,5
413,624,5
413,628,5
413,634,5
413,641,5
413,867,5
413,881,5
413,884,5
414,92,5
414,93,5
414,186,4
414,187,4
414,188,4
414,263,4
414,282,4
414,376,3
414,382,3
414,387,4
414,393,3
414,397,3
414,402,4
414,408,4
414,450,4
414,453,5
414,462,5
414,477,5
414,501,5
414,593,4
414,608,5
414,609,5
414,610,5
414,630,4
414,644,5
414,645,4
414,647,5
414,648,5
414,657,5
414,749,5
414,757,4
414,761,5
414,762,5
414,763,5
414,764,5
414,775,5
414,859,5
414,860,5
414,874,4
414,880,5
414,952,4
414,954,5
414,957,4
415,50,5
415,83,5
415,112,4
415,162,5
415,190,4
415,259,4
415,313,5
415,333,4
415,397,4
415,420,4
415,463,4
415,504,4
415,549,5
415,583,3
415,670,4
415,817,4
415,1012,5
416,44,5
416,65,5
416,256,5
416,322,5
416,323,5
416,440,5
416,542,3
416,676,4
416,843,3
417,2,5
417,30,5
417,128,4
417,190,5
417,257,4
417,303,5
417,312,5
417,313,4
417,334,5
417,344,4
417,359,5
417,443,3
417,489,4
417,504,5
417,528,5
417,571,5
417,675,3
417,764,5
417,797,5
417,941,5
417,970,5
417,978,4
