user_id,activity,diversity,conformity
0,2,2,1
1,2,2,2
2,1,3,2
3,2,1,2
4,1,3,1
5,1,2,2
6,2,3,2
7,1,1,1
8,1,3,2
9,2,1,3
10,1,3,2
11,2,3,2
12,1,2,2
13,1,1,2
14,2,3,1
15,1,1,2
16,1,1,3
17,1,1,2
18,1,2,1
19,3,3,2
20,2,3,2
21,2,1,2
22,1,1,2
23,1,1,2
24,1,3,2
25,1,2,2
26,1,2,2
27,2,1,1
28,1,1,2
29,2,2,2
30,2,3,2
31,1,1,2
32,2,2,3
33,1,1,2
34,2,2,2
35,1,1,1
36,1,3,2
37,1,1,3
38,1,1,2
39,1,1,2
40,3,2,2
41,1,2,1
42,1,1,2
43,2,3,2
44,2,3,3
45,1,2,1
46,2,3,2
47,1,1,3
48,1,1,3
49,1,1,2
50,1,3,2
51,1,1,2
52,1,1,2
53,1,2,3
54,3,3,1
55,1,2,1
56,1,2,2
57,1,2,3
58,1,2,1
59,1,2,1
60,1,1,2
61,1,1,2
62,1,3,3
63,1,3,2
64,1,2,1
65,1,1,3
66,1,2,2
67,1,1,2
68,1,1,1
69,1,1,2
70,1,2,1
71,1,3,1
72,1,2,1
73,1,1,2
74,1,3,2
75,2,1,3
76,1,2,2
77,1,1,2
78,1,1,1
79,3,3,2
80,1,2,2
81,1,2,1
82,3,3,3
83,1,1,2
84,2,3,2
85,1,2,2
86,1,1,1
87,1,3,2
88,1,1,1
89,1,1,2
90,1,3,3
91,1,1,3
92,3,3,2
93,2,2,2
94,1,2,1
95,3,3,2
96,2,3,3
97,2,3,2
98,2,3,2
99,2,2,2
100,2,1,2
101,1,1,2
102,1,2,1
103,2,3,2
104,1,3,1
105,3,3,2
106,1,2,1
107,1,2,2
108,1,2,3
109,1,2,1
110,1,1,2
111,1,1,2
112,2,3,3
113,1,1,1
114,1,2,3
115,1,3,2
116,2,1,2
117,2,1,2
118,1,1,2
119,3,3,2
120,1,1,1
121,1,1,2
122,1,1,1
123,2,3,1
124,2,3,1
125,1,2,1
126,2,2,2
127,3,3,1
128,2,2,1
129,2,1,1
130,1,2,1
131,1,1,3
132,1,1,2
133,1,1,1
134,3,3,2
135,1,1,1
136,1,2,2
137,1,2,1
138,1,2,2
139,1,1,3
140,1,1,1
141,2,2,2
142,3,3,3
143,2,3,2
144,1,2,3
145,1,1,2
146,1,1,3
147,2,3,2
148,1,2,3
149,2,3,2
150,1,1,1
151,1,2,3
152,1,1,2
153,3,3,2
154,2,3,2
155,2,3,2
156,1,2,3
157,1,1,1
158,1,2,2
159,1,2,1
160,2,3,2
161,1,1,2
162,1,2,2
163,1,1,1
164,1,1,2
165,1,2,3
166,2,1,3
167,1,2,2
168,1,2,3
169,2,3,2
170,1,1,3
171,2,2,2
172,1,2,2
173,3,3,3
174,1,2,2
175,2,3,2
176,3,3,2
177,2,3,2
178,1,3,2
179,2,2,2
180,1,2,3
181,1,1,2
182,2,1,2
183,2,2,3
184,1,2,1
185,2,3,1
186,1,2,2
187,1,2,2
188,2,3,3
189,1,2,1
190,1,3,1
191,1,1,1
192,3,3,1
193,1,2,1
194,1,2,2
195,1,2,2
196,2,3,2
197,1,2,3
198,2,2,1
199,1,1,2
200,2,2,3
201,3,3,3
202,1,1,2
203,2,3,2
204,2,3,2
205,1,1,1
206,1,2,2
207,1,1,3
208,2,3,2
209,1,2,3
210,1,2,2
211,2,1,3
212,1,1,3
213,2,3,3
214,1,2,3
215,1,1,2
216,1,2,2
217,2,1,2
218,1,1,3
219,2,2,1
220,2,3,2
221,2,3,2
222,1,2,2
223,1,1,2
224,2,3,2
225,1,2,2
226,1,2,1
227,3,3,2
228,1,1,2
229,2,3,3
230,1,1,1
231,1,2,1
232,2,3,2
233,1,1,3
234,2,2,3
235,1,1,2
236,2,3,1
237,1,2,1
238,1,1,1
239,1,2,2
240,1,1,3
241,1,2,2
242,2,3,2
243,2,3,2
244,2,3,3
245,2,3,1
246,3,3,2
247,1,2,3
248,2,3,2
249,1,3,1
250,1,1,2
251,1,1,2
252,1,1,1
253,1,2,2
254,2,3,2
255,2,1,2
256,3,3,2
257,1,1,2
258,1,2,1
259,1,1,1
260,1,1,2
261,2,2,2
262,3,3,1
263,1,1,1
264,3,3,2
265,1,1,2
266,2,3,2
267,1,1,3
268,3,3,3
269,3,3,2
270,2,1,1
271,1,1,2
272,2,3,1
273,2,3,2
274,1,1,2
275,2,1,2
276,2,3,3
277,2,2,1
278,1,1,3
279,3,3,1
280,1,2,2
281,1,1,2
282,2,2,2
283,1,2,2
284,3,3,1
285,1,2,2
286,1,1,2
287,2,2,2
288,2,2,1
289,3,3,2
290,3,3,1
291,2,3,1
292,3,3,2
293,1,2,2
294,2,2,2
295,1,3,2
296,2,1,3
297,1,2,2
298,2,3,2
299,2,1,2
300,1,3,1
301,1,2,2
302,2,3,3
303,2,3,2
304,3,3,3
305,1,3,1
306,1,1,3
307,1,1,1
308,1,1,2
309,2,3,3
310,1,1,1
311,1,2,3
312,1,2,1
313,2,3,1
314,2,2,1
315,3,3,2
316,1,2,2
317,3,3,1
318,2,2,2
319,1,2,3
320,2,2,2
321,2,3,3
322,2,2,1
323,1,2,1
324,2,1,3
325,1,2,2
326,1,2,2
327,3,3,2
328,1,1,2
329,3,3,2
330,2,3,3
331,1,1,1
332,1,2,3
333,1,2,3
334,1,1,3
335,1,2,2
336,2,3,2
337,2,2,2
338,1,2,3
339,1,2,2
340,2,3,1
341,1,1,2
342,1,2,2
343,1,3,1
344,1,1,3
345,1,2,2
346,1,3,3
347,1,1,3
348,1,2,1
349,3,3,2
350,1,2,2
351,3,3,2
352,1,1,2
353,1,2,3
354,1,1,2
355,1,1,2
356,2,3,2
357,1,3,2
358,1,3,3
359,3,3,2
360,3,3,2
361,1,2,1
362,1,1,1
363,1,2,2
364,1,1,2
365,1,2,3
366,1,3,3
367,2,3,3
368,2,3,2
369,1,2,2
370,2,3,2
371,1,3,2
372,3,2,2
373,1,1,2
374,2,3,1
375,2,3,2
376,1,2,2
377,2,3,2
378,1,1,3
379,1,1,3
380,2,3,1
381,2,3,1
382,1,1,1
383,2,3,2
384,1,1,2
385,1,2,1
386,2,3,2
387,1,1,2
388,2,3,3
389,1,1,2
390,2,3,1
391,1,1,2
392,3,3,2
393,2,2,2
394,1,2,3
395,2,3,2
396,1,1,2
397,3,3,2
398,1,1,1
399,1,1,2
400,1,2,2
401,2,1,3
402,1,1,1
403,2,3,1
404,1,2,2
405,1,2,1
